ioname,orgname,sdate,ddate,region,memb_form,members_censor,Mandate/Function,Living,Scope,Fate/death_reason,function_c,scope_c,region_c,lifespan,event,event_1,life_1,WWI,WWII,WW,full_membership_start,asso_membership_start,observer_start,missing_data_start,full_membership_end,asso_membership_end,observer_end,missing_data_end,,,
AAAID,Arab Auth. for Ag. Invest. & Development,1976,2016,7,2,47,Economic/Development/finance,1,Narrow,,economic,narrow,InterRegional,40,0,0,40,0,0,0,0,0,0,214,17,0,0,0,,,
AACarib,Anglo-American Caribbean Commission,1942,1946,7,3,56,Economic,0,Broad,SUCC,economic,broad,InterRegional,4,1,0,74,0,0,0,4,0,0,0,4,0,0,0,,,
AACB,Assoc. of African Central Banks,1968,2016,1,2,65,Economic/Finance,1,Narrow,,economic,narrow,Africa,48,0,0,48,0,0,0,0,0,0,214,39,0,0,0,,,
AALAE,African Association for Literacy and Adult Education ,1984,2000,1,2,58,Social Welfare/Education,0,Narrow,SUCC,social_welf,narrow,Africa,16,1,0,32,0,0,0,NA,NA,NA,NA,31,0,0,0,,,
AALCO,Asian-African Legal Consultative Org,1956,2016,7,2,73,Technical/Research/Legal Advice,1,Narrow,,technical,narrow,InterRegional,60,0,0,60,0,0,0,7,0,0,0,46,0,0,0,,,
AARO,Afro-Asian Rural Development Org,1962,2016,7,2,58,Economic/Development,1,Medium,,economic,medium,InterRegional,54,0,0,54,0,0,0,6,0,0,0,22,0,0,0,,,
AATA,Assoc. of African Tax Administrators,1987,2016,1,2,28,Technical/Research/Legal Advice,1,Narrow,,technical,narrow,Africa,29,0,0,29,0,0,0,21,0,0,0,18,0,0,0,,,
AATPO,Assoc. of Afr. Trade Promotion Orgs.,1974,2016,1,2,2,Economic/Trade,1,Narrow,,economic,narrow,Africa,42,0,0,42,0,0,0,0,0,0,214,0,0,0,214,,,
ABEDA,Arab Bank for Econ. Dev. in Africa,1974,2016,3,2,32,Economic/Finance,1,Narrow,,economic,narrow,MiddleEast,42,0,0,42,0,0,0,17,0,0,0,18,0,0,0,,,
ABEPSEAC,Association between the European Economic Community and the Partner States of th,1968,1975,7,2,11,Economic/Trade,0,Narrow,SUCC,economic,narrow,InterRegional,7,1,0,48,0,0,0,9,0,0,0,12,0,0,0,,,
ACAP,Agreement on the Conservation of Albatrosses and Petrels_,2004,2016,7,3,,Social Welfare/Environment,1,Narrow,,environment,narrow,InterRegional,12,0,0,12,0,0,0,,0,0,0,13,0,0,0,,,
ACC,Arab Cooperation Council (ACC),1989,1990,3,2,66,Economic/Trade/Development/Finance,0,Medium,DES,economic,medium,MiddleEast,1,1,1,1,0,0,0,3,0,0,0,4,0,0,0,,,
ACCT,Agence de La Francophonie ,1970,2005,7,3,76,Social Welfare/Culture,0,Narrow,SUCC,social_welf,narrow,InterRegional,35,1,0,46,0,0,0,19,0,0,0,49,0,0,0,,,
ACDT,American Committee on Dependent Territories,1940,1956,2,2,47,Security/other,0,Narrow,DES,security,narrow,Americas,16,1,1,16,0,0,0,0,0,0,214,21,0,0,0,,,
ACI,African Cultural Institute (ACI)/African and Maritanian Cultural Institute,1971,1998,1,2,46,Social Welfare/Culture,0,Narrow,DISS,social_welf,narrow,Africa,27,1,1,27,0,0,0,13,0,0,0,20,0,0,0,,,
ACML,Arab Centre for Medical Literature (ACML),1983,1997,3,2,46,Social Welfare/Health,0,Narrow,DES,social_welf,narrow,MiddleEast,14,1,1,14,0,0,0,0,0,0,214,20,0,0,0,,,
ACP,ACP Group,1975,2016,7,2,97,General purpose,1,Broad,,general,broad,InterRegional,41,0,0,41,0,0,0,43,0,0,0,73,0,0,0,,,
ACPEU,ACP/EU Joint Assembly,1984,2016,7,2,7,Social Welfare,1,Medium,,social_welf,medium,InterRegional,32,0,0,32,0,0,0,0,0,0,214,87,0,0,0,,,
ACS,Association of Caribbean States,1994,2016,2,2,59,General purpose,1,Broad,,general,broad,Americas,22,0,0,22,0,0,0,25,0,0,0,26,0,0,0,,,
ACSO,African Civil Service Observatory,1993,2016,1,2,52,Technical/Research/Legal Advice,1,Narrow,,technical,narrow,Africa,23,0,0,23,0,0,0,0,0,0,214,26,0,0,0,,,
ACSSRB,Administrative Center for Soc Security for Rhine Boatmen,1950,2016,5,2,77,Social Welfare/other,1,Narrow,,social_welf,narrow,Europe,66,0,0,66,0,0,0,4,0,0,0,6,0,0,0,,,
ACU,Asian Clearing Union,1974,2016,4,2,101,Economic/Finance,1,Narrow,,economic,narrow,Asia,42,0,0,42,0,0,0,6,0,0,0,8,0,0,0,,,
ACWL,Advisory Centre on WTO Law,2001,2016,0,1,96,Technical,1,Narrow,,technical,narrow,Global,15,0,0,15,0,0,0,29,0,0,0,37,0,0,0,,,
AfDB,African Development Bank,1963,2016,1,2,85,Economic/Finance,1,Medium,,economic,medium,Africa,53,0,0,53,0,0,0,26,0,0,0,77,0,0,0,,,
AFESD,Arab Fund for Social and Economic Development,1968,2016,3,2,47,Economic/Development,1,Narrow,,economic,narrow,MiddleEast,48,0,0,48,0,0,0,13,0,0,0,18,0,0,0,,,
AFEXIMB,Afr. Exp/Import Bank,1993,2016,1,2,63,Economic/Finance,1,Narrow,,economic,narrow,Africa,23,0,0,23,0,0,0,0,0,0,214,42,0,0,0,,,
AFGEC,Afr. Fund Guarantee & Econ. Coop.,1977,2016,7,3,56,Economic/Finance,1,Narrow,,economic,narrow,InterRegional,39,0,0,39,0,0,0,0,0,0,214,9,0,0,0,,,
AFPU,African Postal Union,1961,2016,1,2,70,Economic/infrastructure,1,Narrow,,economic,narrow,Africa,55,0,0,55,0,0,0,5,0,0,0,11,0,0,0,,,
AFRAND,Afr. Foundation for R & D,1994,2016,1,2,17,Technical/Research/Legal Advice,1,Narrow,,technical,narrow,Africa,22,0,0,22,0,0,0,0,0,0,214,14,0,0,0,,,
AfrOPDA,Afr. Oil Palm Dev. Assoc.,1985,2016,1,2,15,Economic/trade,1,Narrow,,economic,narrow,Africa,31,0,0,31,0,0,0,0,0,0,214,13,0,0,0,,,
AFSPC,Association of Financial Supervisors of Pacific Countries,2002,2016,4,2,3,Economic/Finance,1,Narrow,,economic,narrow,Asia,14,0,0,14,0,0,0,8,0,0,0,9,0,0,0,,,
AFTE,Arab Federation for Technical Educ.,1980,2016,3,2,15,Social Welfare/Education,1,Narrow,,social_welf,narrow,MiddleEast,36,0,0,36,0,0,0,6,0,0,0,12,0,0,0,,,
AGC,African Groundnut Council,1964,2016,1,2,86,Economic/trade,1,Narrow,,economic,narrow,Africa,52,0,0,52,0,0,0,0,0,0,213,6,0,0,0,,,
AGPUNDO,Arab Gulf Program for UN Devevelopment Org.,1981,2016,3,2,86,Economic/development,1,Medium,,economic,medium,MiddleEast,35,0,0,35,0,0,0,6,0,0,0,6,0,0,0,,,
AIDC,Asian Industrial Development Council (AIDC),1966,1974,4,2,48,Economic/Technical,0,Narrow,MER,economic,narrow,Asia,8,1,1,8,0,0,0,21,0,0,0,22,0,0,0,,,
AIDO,Arab Industrial Development Org,1968,1990,4,2,46,Economic/Trade/Development,0,Narrow,MER,economic,narrow,Asia,22,1,1,22,0,0,0,0,0,0,214,18,0,0,0,,,
AIOEC,Association of Iron Ore Exporting Countries,1975,1998,7,3,101,Economic/Trade,0,Medium,DES,economic,medium,InterRegional,23,1,1,23,0,0,0,9,0,0,0,9,0,0,0,,,
AIPO,African Intellectual Property Organization,1977,2016,1,2,28,Technical/Research/Legal Advice,1,Narrow,,technical,narrow,Africa,39,0,0,39,0,0,0,13,0,0,0,16,0,0,0,,,
AITIC,Agency for International Trade Information and Cooperation,2004,2011,5,1,91,Economic/Technical ,0,Narrow,DISS,economic,narrow,Europe,7,1,1,7,0,0,0,32,0,0,0,50,0,0,0,,,
ALCC,Allied Control Council (Authority of Germany),1945,1990,5,3,45,Security,0,Medium,DISS,security,medium,Europe,45,1,1,45,0,0,0,4,0,0,0,4,0,0,0,,,
ALO,Arab Labor Org.,1965,2016,3,2,51,Social Welfare,1,Narrow,,social_welf,narrow,MiddleEast,51,0,0,51,0,0,0,8,0,0,0,19,0,0,0,,,
AmCC,Amazonian Cooperation Treaty Organization,1978,2016,2,2,98,Social Welfare,1,Narrow,,social_welf,narrow,Americas,38,0,0,38,0,0,0,8,0,0,0,8,0,0,0,,,
AMCO,African Malagasy Coffee Organization,1960,2007,1,2,98,Economic/trade,0,Narrow,DISS,economic,narrow,Africa,47,1,1,47,0,0,0,0,0,0,213,8,0,0,0,,,
AMCOW,African Ministers' Council on Water,2002,2016,1,2,81,Social Welfare,1,Medium,,social_welf,medium,Africa,14,0,0,14,0,0,0,43,0,0,0,53,0,0,0,,,
AMF,Arab Monetary Fund,1976,2016,3,2,48,Economic/finance,1,Narrow,,economic,narrow,MiddleEast,40,0,0,40,0,0,0,0,0,0,214,17,0,0,0,,,
AMIPO,African and Malagasy Industrial Property Office,1962,1975,1,2,15,Economic/Technical ,0,Narrow,SUCC,economic,narrow,Africa,13,1,0,54,0,0,0,6,0,0,0,13,0,0,0,,,
AMPTU,African and Malagasy Postal and Telecommunications Union,1962,1996,1,2,8,Economic/infrastructure,0,Narrow,SUCC,economic,narrow,Africa,34,1,0,54,0,0,0,13,0,0,0,11,0,0,0,,,
AMSC,African and Malagasy Sugar Council,1966,1977,1,2,15,Economic/Trade,0,Narrow,DISS,economic,narrow,Africa,11,1,1,11,0,0,0,13,0,0,0,13,0,0,0,,,
AMU,Arab Maghreb Union,1989,2016,1,2,77,Economic,1,Medium,,economic,medium,Africa,27,0,0,27,0,0,0,5,0,0,0,5,0,0,0,,,
Andean,Andean Pact/Andean Community,1970,2016,2,2,66,Economic,1,Medium,,economic,medium,Americas,46,0,0,46,0,0,0,5,0,0,0,5,0,0,0,,,
ANZUS,Australia-NewZealand-US Treaty Organization,1951,2016,7,3,56,Security,1,Narrow,,security,narrow,InterRegional,65,0,0,65,0,0,0,3,0,0,0,3,0,0,0,,,
AOAD,Arab Org for Agricultural Develop.,1970,2016,3,2,15,Economic,1,Medium,,economic,medium,MiddleEast,46,0,0,46,0,0,0,15,0,0,0,20,0,0,0,,,
AOCRS,Afr. Org. of Cartography & Remote Sensing,1988,2016,1,2,50,Technical/Research/Legal Advice,1,Narrow,,technical,narrow,Africa,28,0,0,28,0,0,0,0,0,0,214,31,0,0,0,,,
AOMR,Arab Organization for Mineral Resources (AOMR),1979,1990,3,2,15,Economic/Trade,0,Narrow,MER,economic,narrow,MiddleEast,11,1,1,11,0,0,0,0,0,0,214,13,0,0,0,,,
AOPU,Asian-Oceanic Postal Union,1962,2016,7,2,59,Economic/infrastructure,1,Narrow,,economic,narrow,InterRegional,54,0,0,54,0,0,0,4,0,0,0,28,0,0,0,,,
AOSM,Arab Organization for Standardization and Metrology,1965,1990,3,2,105,Technical/Research/Legal Advice,0,Narrow,MER,technical,narrow,MiddleEast,25,1,1,25,0,0,0,5,0,0,0,12,0,0,0,,,
AP,Andean Parliament,1980,2016,2,2,77,General purpose,1,Broad,,general,broad,Americas,36,0,0,36,0,0,0,5,0,0,0,5,0,0,0,,,
APCC,Asian/Pacific Coconut Comm.,1969,2016,4,2,24,Economic/trade,1,Narrow,,economic,narrow,Asia,47,0,0,47,0,0,0,0,0,0,214,14,0,0,0,,,
APEC,Asia-Pacific Economic Cooperation,1989,2016,7,2,48,Economic,1,Medium,,economic,medium,InterRegional,27,0,0,27,0,0,0,12,0,0,0,20,0,0,0,,,
APFIC,AsianPacific Fisheries Commission,1948,2016,4,2,2,Social Welfare/Environment,1,Narrow,,social_welf,narrow,Asia,68,0,0,68,0,0,0,6,0,0,0,19,0,0,0,,,
APIBD,Asia-Pac Instit. for Broadcast Develop.,1987,2016,4,2,52,Technical,1,Narrow,,technical,narrow,Asia,29,0,0,29,0,0,0,7,0,0,0,25,0,0,0,,,
APO,Asian Productivity Organization,1961,2016,4,2,46,Economic,1,Medium,,economic,medium,Asia,55,0,0,55,0,0,0,8,0,0,0,19,0,0,0,,,
APPA,African Petroleum Producers Association,1987,2016,1,2,32,Economic/trade,1,Narrow,,economic,narrow,Africa,29,0,0,29,0,0,0,0,0,0,214,10,0,0,0,,,
APPPC,Asia& Pacific Plant Protection Commission,1956,2016,4,2,51,Economic/agriculture,1,Narrow,,economic,narrow,Asia,60,0,0,60,0,0,0,NA,NA,NA,NA,25,0,0,0,,,
APT,Asian-Pacific Telecommunity,1976,2016,4,2,64,Economic/infrastructure,1,Narrow,,economic,narrow,Asia,40,0,0,40,0,0,0,0,0,0,214,33,0,0,0,,,
APTU,African Postal and Telecommunications Union,1935,1965,1,2,101,Economic/Infrastructure,0,Narrow,SUCC,economic,narrow,Africa,30,1,0,81,0,1,1,5,0,0,0,9,0,0,0,,,
AralSea,Int'l Fund for Saving Aral Sea,1997,2016,4,2,77,Social Welfare/Environment,1,Narrow,,social_welf,narrow,Asia,19,0,0,19,0,0,0,5,0,0,0,5,0,0,0,,,
ARC,Asian Reinsurance Corp.,1979,2016,4,2,3,Economic/finance,1,Narrow,,economic,narrow,Asia,37,0,0,37,0,0,0,9,0,0,0,10,0,0,0,,,
ARCAL,Promotion of Nuc. Sci & Tech in L/A,1985,2016,2,2,48,Technical/Research/Legal Advice,1,Narrow,,technical,narrow,Americas,31,0,0,31,0,0,0,0,0,0,214,14,0,0,0,,,
ARIPO,African Regional Industrial Property Org.,1976,2016,1,2,38,Technical/Research/Legal Advice,1,Narrow,,technical,narrow,Africa,40,0,0,40,0,0,0,6,0,0,0,15,0,0,0,,,
ARPU,Arab Postal Union,1952,2016,3,2,2,Economic/infrastructure,1,Narrow,,economic,narrow,MiddleEast,64,0,0,64,0,0,0,6,0,0,0,21,0,0,0,,,
ArticC,Arctic Council,1996,2016,7,2,98,Social Welf,1,Medium,,social_welf,medium,InterRegional,20,0,0,20,0,0,0,8,0,0,0,8,0,0,0,,,
ASATP/EAMAU,African School of Architecture & Town Planning,1975,2016,1,2,101,Social Welfare/education,1,Narrow,,social_welf,narrow,Africa,41,0,0,41,0,0,0,NA,NA,NA,NA,9,0,0,0,,,
ASBLAC,Assoc. Superv. Banks of L/A & Caribb.,1981,2016,2,2,62,Technical/Research/Legal Advice,1,Narrow,,technical,narrow,Americas,35,0,0,35,0,0,0,22,0,0,0,33,0,0,0,,,
ASCA,Association for Science Cooperation in Asia,1972,2009,4,2,3,Technical/Research/Legal Advice,0,Medium,DES,technical,medium,Asia,37,1,1,37,0,0,0,10,0,0,0,10,0,0,0,,,
ASCBC,African Standing Conference on Bibliographic Control (ASCOBIC),1978,1995,1,2,28,Social Welfare/Culture,0,Narrow,DES,social_welf,narrow,Africa,17,1,1,17,0,0,0,0,0,0,214,17,0,0,0,,,
ASCRubber,Association of Rubber Producing States,1970,2016,4,3,8,Economic/trade,1,Narrow,,economic,narrow,Asia,46,0,0,46,0,0,0,6,0,0,0,8,0,0,0,,,
AsDB,Asian Dev. Bank,1966,2016,7,2,75,Economic/Finance,1,Medium,,economic,medium,InterRegional,50,0,0,50,0,0,0,30,0,0,0,56,0,0,0,,,
ASEAN,Association of Southeast Asian Nations,1967,2016,4,2,3,General purpose,1,Broad,,general,broad,Asia,49,0,0,49,0,0,0,5,0,0,0,10,0,0,0,,,
ASECNA,Agency for Safety of Aerial Nav. in Afr. & Madagas.,1959,2016,1,2,15,Technical/Research/Legal Advice,1,Narrow,,technical,narrow,Africa,57,0,0,57,0,0,0,0,0,0,214,16,0,0,0,,,
ASEF,Asia-Europe Foundation,1997,2016,7,2,51,Social Welf,1,Medium,,social_welf,medium,InterRegional,19,0,0,19,0,0,0,25,0,0,0,25,0,0,0,,,
ASPAC,Asian and Pacific Council ,1966,1973,4,2,101,Security,0,Broad,DISS,security,broad,Asia,7,1,1,7,0,0,0,7,0,0,0,9,0,0,0,,,
ATO,African Timber Org.,1976,2016,1,2,15,Economic,1,Narrow,,economic,narrow,Africa,40,0,0,40,0,0,0,11,0,0,0,13,0,0,0,,,
ATPC,Association of Tin Producing Countries (ATPC),1983,2001,7,3,91,Economic/trade,0,Narrow,DES,economic,narrow,InterRegional,18,1,1,18,0,0,0,5,0,0,0,7,0,0,0,,,
ATS,Antarctic Treaty Secretariat,2003,2016,7,3,,General purpose,1,Broad,,general,broad,InterRegional,13,0,0,13,0,0,0,0,0,0,214,29,0,0,0,,,
AU,African Union,2001,2016,1,2,82,General purpose,1,Broad,,general,broad,Africa,15,0,0,15,0,0,0,53,0,0,0,51,0,0,0,,,
AVRDC,Asian Vegetable Res. & Dev. Center,1971,2016,7,2,91,Social Welfare/development,1,Narrow,,social_welf,narrow,InterRegional,45,0,0,45,0,0,0,6,0,0,0,0,0,0,0,,,
BALTBAT,Baltic Batallion,1994,2016,5,2,56,Security,1,Narrow,,security,narrow,Europe,22,0,0,22,0,0,0,3,0,0,0,3,0,0,0,,,
Bberne,International Bureau for Protection of Intellectual Property (BIRPI) (berne Convention),1893,1970,0,1,,Social Welfare/Culture,0,Narrow,SUCC,social_welf,narrow,Global,77,,,84,1,1,1,10,0,0,0,63,0,0,0,,,
BC,Baltic Council,1990,2016,5,2,56,General purpose,1,Broad,,general,broad,Europe,26,0,0,26,0,0,0,3,0,0,0,3,0,0,0,,,
BCSC,British Commonwealth Scientific Comm,1946,2016,7,2,2,Technical/Research/Legal Advice,1,Narrow,,technical,narrow,InterRegional,70,0,0,70,0,0,0,5,0,0,0,35,0,0,0,,,
BEF,Baltic Environ. Forum,1995,2016,5,2,66,Social Welfare/Environment,1,Narrow,,social_welf,narrow,Europe,21,0,0,21,0,0,0,4,0,0,0,4,0,0,0,,,
BENELUX,Benelux Economic Union/Community,1960,2016,5,2,56,General purpose,1,Broad,,general,broad,Europe,56,0,0,56,0,0,0,3,0,0,0,3,0,0,0,,,
BIISEF,Banque internationale d'information sur les Etats francophones (BIEF),1986,1996,7,3,71,Social Welfare/Culture,0,Medium,ABS,social_welf,medium,InterRegional,10,1,0,30,0,0,0,0,0,0,214,44,0,0,0,,,
BIONET,BIONET/Bionet International,1993,2016,0,1,104,Technical,1,Narrow,,technical,narrow,Global,23,0,0,23,0,0,0,0,0,0,214,85,0,0,0,,,
BIPM,International Bureau of Weights & Measures,1875,2016,0,1,85,Technical,1,Narrow,,technical,narrow,Global,141,0,0,141,1,1,1,16,0,0,0,48,0,0,0,,,
BIS,Bank for International Settlements,1930,2016,0,1,87,Economic/finance,1,Narrow,,economic,narrow,Global,86,0,0,86,0,1,1,8,0,0,0,53,0,0,0,,,
BNDP,Board of Nordic Development Projects,1968,1987,5,2,77,Economic/trade/development,0,Medium,DES,economic,medium,Europe,19,1,1,19,0,0,0,4,0,0,0,5,0,0,0,,,
BOBP,Bay of Bengal Programme Inter-Governmental Organization,2003,2016,4,2,66,Social Welfare,1,Narrow,,social_welf,narrow,Asia,13,0,0,13,0,0,0,4,0,0,0,4,0,0,0,,,
BONN,Bonn Agreement,1983,2016,5,2,101,Social Welfare,1,Narrow,,social_welf,narrow,Europe,33,0,0,33,0,0,0,8,0,0,0,10,0,0,0,,,
BP,Balkan Pact,1954,1960,5,3,56,Security/Defense/Alliance,0,Narrow,DES,security,narrow,Europe,6,1,1,6,0,0,0,3,0,0,0,3,0,0,0,,,
BSEC,Black Sea Economic Council,1992,2016,7,2,11,General Purpose,1,Broad,,general,broad,InterRegional,24,0,0,24,0,0,0,11,0,0,0,11,0,0,0,,,
CAAD,Concerted Action for African Development,1979,1988,7,3,86,Economic/development,0,Medium,NA,economic,medium,InterRegional,9,1,1,9,0,0,0,0,0,0,214,6,0,0,0,,,
CAARC,Commonwealth Advisory Aeronautical Research Council (CAARC),1946,1993,7,2,66,Technical/Research/Legal Advice,0,Narrow,ABS,technical,narrow,InterRegional,47,1,0,70,0,0,0,5,0,0,0,4,0,0,0,,,
CAB,Convenio Anders Bello,1970,2016,2,2,11,Social Welfare,1,Medium,,social_welf,medium,Americas,46,0,0,46,0,0,0,6,0,0,0,11,0,0,0,,,
CABI,CAB International,1986,2016,0,1,75,Technical/Research/Legal Advice,1,Narrow,,technical,narrow,Global,30,0,0,30,0,0,0,14,0,0,0,40,0,0,0,,,
CAC/CAECC,Central Asian Cooperation Organization/Central Asian Economic Community,1994,2005,4,2,86,General Purpose,0,Broad,ABS,general,broad,Asia,11,1,0,22,0,0,0,4,0,0,0,4,0,0,0,,,
CACB,Central American Coffee Board,1975,1979,2,2,66,Economic/trade,0,Narrow,SUCC,economic,narrow,Americas,4,1,0,41,0,0,0,4,0,0,0,4,0,0,0,,,
CACI,Conferencia de Autoridades Cinematogrficas de Iberoamerica,1989,2016,2,2,46,Social Welfare,1,Narrow,,social_welf,narrow,Americas,27,0,0,27,0,0,0,0,0,0,214,16,0,0,0,,,
CAEC,Central American Energy Commission,1979,1993,2,2,77,Economic/Technical ,0,Narrow,DES,economic,narrow,Americas,14,1,1,14,0,0,0,NA,NA,NA,NA,5,0,0,0,,,absorbed into Eurasec
CAIPA,Centr. Am. Instit. for Public Admin.,1954,2016,2,2,86,Technical/Research/Legal Advice,1,Narrow,,technical,narrow,Americas,62,0,0,62,0,0,0,5,0,0,0,6,0,0,0,,,
CAMES,Afr. & Malagasy Council for Higher Ed.,1968,2016,1,2,54,Social Welfare/education,1,Narrow,,social_welf,narrow,Africa,48,0,0,48,0,0,0,0,0,0,214,16,0,0,0,,,
CAMRSD,Conference of African Ministers Responsible for Sustainable,1993,1997,1,2,80,Social Welfare/environment,0,Narrow,SUCC,social_welf,narrow,Africa,4,1,0,23,0,0,0,52,0,0,0,52,0,0,0,,,
CAMSF/FOCEM,Central American Monetary Stabilization Fund,1969,1991,2,2,77,Economic/finance,0,Narrow,DISS,economic,narrow,Americas,22,1,1,22,0,0,0,NA,NA,NA,NA,5,0,0,0,,,
CAPTAC,Conference of Post and Telecommunication Administration of Central Africa,1975,1998,1,2,98,Economic/infrastructure,0,Narrow,SUCC,economic,narrow,Africa,23,1,0,41,0,0,0,NA,NA,NA,NA,8,0,0,0,,,
CARICOM,Caribbean Community,1973,2016,2,2,22,General purpose,1,Broad,,general,broad,Americas,43,0,0,43,0,0,0,4,0,0,0,14,0,0,0,,,
CARIFTA,Caribbean Free Trade Association (CARIFTA),1965,1973,2,2,66,Economic/trade,0,Medium,SUCC,economic,medium,Americas,8,1,0,51,0,0,0,2,0,0,0,4,0,0,0,,,
CARII/ICAITI ,Central American Research Institute for Industry,1956,1997,2,2,77,Technical/Research/Legal Advice,0,Narrow,DISS,technical,narrow,Americas,41,1,1,41,0,0,0,NA,NA,NA,NA,5,0,0,0,,,
CATC,Commonwealth Air Transport Council,1945,1991,7,2,61,Economic/transportation,0,Narrow,DES,economic,narrow,InterRegional,46,1,1,46,0,0,0,5,0,0,0,35,0,0,0,,,
CBFP,Congo Basin Forest Partnership,2002,2016,7,3,46,Social Welfare,1,Narrow,,social_welf,narrow,InterRegional,14,0,0,14,0,0,0,0,0,0,214,20,0,0,0,,,
CBI,"Central Bureau for the International 1:1,000,000 Map of the World",1909,1953,0,1,63,Technical/Research/Legal Advice,0,Narrow,MER,technical,narrow,Global,44,1,1,44,1,1,1,21,0,0,0,37,0,0,0,,,
CBSS,Council of Baltic Sea States,1992,2016,5,2,11,General purpose,1,Broad,,general,broad,Europe,24,0,0,24,0,0,0,10,0,0,0,11,0,0,0,,,
CCIF,International Long-distance Telephone Consultative Committee (CCIF),1925,1956,0,1,106,Technical/Research/Legal Advice,0,Narrow,MER,economic,narrow,Global,31,1,1,31,0,1,1,15,0,0,0,43,0,0,0,,,
CCIZT,Commission of Control of the International Zone of Tangier,1924,1956,5,3,98,Security/Collective Security,0,Narrow,DISS,security,narrow,Europe,32,1,1,32,0,1,1,7,0,0,0,8,0,0,0,,,
CCNR,Central Commission for the Navigation of the Rhine,1815,2016,5,2,77,Economic/transportation,1,Narrow,,economic,narrow,Europe,201,0,0,201,1,1,1,6,0,0,0,5,0,0,0,,,
CCOM,Central Compensation Office of the Maghreb,1969,1995,1,2,77,Economic/transportation,0,Narrow,DES,economic,narrow,Africa,26,1,1,26,0,0,0,0,0,0,214,5,0,0,0,,,
CComm,Caribbean Commission,1946,1961,7,3,66,General Purpose,0,Broad,SUCC,general,broad,InterRegional,15,1,0,70,0,0,0,4,0,0,0,4,0,0,0,,,
CCPA,Cocoa Producers Alliance,1962,2016,7,3,77,Technical/Research/Legal Advice,1,Narrow,,technical,narrow,InterRegional,54,0,0,54,0,0,0,6,0,0,0,12,0,0,0,,,
CCWP,Consultative Council of Western Powers,1948,1954,5,2,77,General Purpose,0,Broad,SUCC,general,broad,Europe,6,1,0,68,0,0,0,5,0,0,0,12,0,0,0,,,
CDB,Caribbean Development Bank,1969,2016,2,2,15,Economic/finance,1,Medium,,economic,medium,Americas,47,0,0,47,0,0,0,6,0,0,0,20,0,0,0,,,
CEAO,West African Economic Community (CEAO),1973,1994,1,2,86,Economic/trade,0,Medium,SUCC,economic,medium,Africa,21,1,0,43,0,0,0,7,0,0,0,6,0,0,0,,,
CEC,Commonwealth Economic Committee,1947,1967,7,2,49,Economic/finance,0,Medium,ABS,economic,medium,InterRegional,20,1,0,69,0,0,0,5,0,0,0,23,0,0,0,,,
CEEPN,Central & Eastern Eur. Privatization Network,1991,2001,5,2,106,Economic/other,0,Narrow,DES,economic,narrow,Europe,10,1,1,10,0,0,0,0,0,0,214,0,0,0,214,,,
CEFTA,Central Europe FTA,1992,2016,5,2,91,Economic/trade,1,Narrow,,economic,narrow,Europe,24,0,0,24,0,0,0,3,0,0,0,3,0,0,0,,,
CEI,Central European Initiative,1989,2016,5,2,32,General purpose,1,Broad,,general,broad,Europe,27,0,0,27,0,0,0,4,0,0,0,17,0,0,0,,,
CELC,Commonwealth Education Liaison Committee,1960,1967,7,2,50,Social Welfare/Education,0,Narrow,ABS,social_welf,narrow,InterRegional,7,1,0,56,0,0,0,11,0,0,0,24,0,0,0,,,
CEMAC,Central African Economic & Monetary Union,1994,2016,1,2,86,Economic/finance,1,Medium,,economic,medium,Africa,22,0,0,22,0,0,0,6,0,0,0,6,0,0,0,,,
CENTO,Central Treaty Organization (CENTO),1955,1979,7,3,66,Security/Collective Security,0,Narrow,DISS,security,narrow,InterRegional,24,1,1,24,0,0,0,5,0,0,0,4,0,0,0,,,
CEPGL,Economic Community of Great Lakes States,1976,2016,1,2,56,Economic,1,Medium,,economic,medium,Africa,40,0,0,40,0,0,0,3,0,0,0,3,0,0,0,,,
CERN,European Org for Nuclear Research,1954,2016,5,2,46,Technical/Research/Legal Advice,1,Narrow,,technical,narrow,Europe,62,0,0,62,0,0,0,10,0,0,0,20,0,0,0,,,
CFATF,Caribbean Financial Action Task Force,1994,2016,2,2,52,Economic/finance,1,Narrow,,economic,narrow,Americas,22,0,0,22,0,0,0,19,0,0,0,22,0,0,0,,,
CFC,Common Fund for Commodities,1989,2016,1,3,4,Economic/finance,1,Narrow,,economic,narrow,Africa,27,0,0,27,0,0,0,101,0,0,0,106,0,0,0,,,
CfRN,Coalition for Rainforest Nations,2005,2016,0,3,80,Social Welfare/Environment,1,Narrow,,social_welf,narrow,Global,11,0,0,11,0,0,0,0,0,0,214,52,0,0,0,,,
CHSTEA,Conference of Heads of State of Equatorial Africa,1959,1968,1,2,66,General Purpose,0,Broad,DISS,general,broad,Africa,9,1,1,9,0,0,0,4,0,0,0,4,0,0,0,,,
CICA,Conference on Interaction and Confidence-Building Measures in Asia,2002,2016,4,2,52,General purpose,1,Broad,,general,broad,Asia,14,0,0,14,0,0,0,15,0,0,0,16,0,0,0,,,
CIFC,Commission for International Financial Control in Macedonia,1905,1914,5,3,91,Security/other,0,Medium,DISS,security,medium,Europe,9,1,1,9,0,0,0,7,0,0,0,7,0,0,0,,,
CIMA,Conference interafricaine des marchs d'assurances,1992,2016,1,2,24,Economic,1,Narrow,,economic,narrow,Africa,24,0,0,24,0,0,0,14,0,0,0,14,0,0,0,,,
CIS,http://www.cisstat.com/eng/cis.htm,1991,2016,7,2,11,General purpose,1,Broad,,general,broad,InterRegional,25,0,0,25,0,0,0,0,0,0,214,12,0,0,0,,,
CMAEC,Council of Ministers for Asian Economic Cooperation,1968,1971,4,2,53,Economic/trade,0,Medium,SUCC,economic,medium,Asia,3,1,0,48,0,0,0,26,0,0,0,27,0,0,0,,,
CMAOC,Conference of Agriculture Ministers of West & Central Africa,1991,2016,1,2,46,Economic/agriculture,1,Narrow,,economic,narrow,Africa,25,0,0,25,0,0,0,17,0,0,0,20,0,0,0,,,
CMEA/COMECON,Council for Mutual Economic Aid (CMEA),1949,1991,7,3,15,Economic/trade,0,Medium,DISS,economic,medium,InterRegional,42,1,1,42,0,0,0,NA,NA,NA,NA,13,0,0,0,,,
CMHASG,Council of Min. of Health of Arab Gulf States,1976,2016,3,2,91,Social Welfare/health,1,narrow,,social_welf,narrow,MiddleEast,40,0,0,40,0,0,0,0,0,0,214,7,0,0,0,,,
CNISA,Committee on Non-Intervention in Spanish Affairs,1936,1939,5,2,53,Security/arms control,0,Narrow,DES,security,narrow,Europe,3,1,1,3,0,0,0,5,0,0,0,27,0,0,0,,,
COE,Council of Europe,1949,2016,5,2,74,Social Welfare,1,Medium,,social_welf,medium,Europe,67,0,0,67,0,0,0,10,0,0,0,46,0,0,0,,,
COLOMBO,Council for Technical Cooperation in South-East Asia,1950,2016,7,2,53,Economic,1,Medium,,economic,medium,InterRegional,66,0,0,66,0,0,0,10,0,0,0,25,0,0,0,,,
ComAB,Commonwealth Agricultural Bureau,1929,1985,7,2,55,Technical/Research/Legal Advice,0,Narrow,SUCC,technical,narrow,InterRegional,56,1,0,87,0,1,1,5,0,0,0,29,0,0,0,,,
COMESA,Comm Market for East/South Africa,1994,2016,1,2,46,Economic/trade,1,Medium,,economic,medium,Africa,22,0,0,22,0,0,0,21,0,0,0,20,0,0,0,,,
ComSec,Commonwealth Secretariat,1965,2016,7,2,2,General Purpose,1,Broad,,general,broad,InterRegional,51,0,0,51,0,0,0,22,0,0,0,53,0,0,0,,,
CONFEJES,Conference des Ministres jeunesse...Francais,1977,2016,7,3,70,Social Welfare,1,Narrow,,social_welf,narrow,InterRegional,39,0,0,39,0,0,0,22,0,0,0,35,0,0,0,,,
COORDCOM,Coordinating Committee of Southeast Asian Senior Officials on Transport and Communications,1967,1971,4,2,2,Economic/transportation,0,Narrow,ABS,economic,narrow,Asia,4,1,0,49,0,0,0,6,0,0,0,6,0,0,0,,,
COPTAC,Central African Posts and Telecommunication Conference«_,1998,2016,1,2,98,Economic/infrastructure,1,Narrow,,economic,narrow,Africa,18,0,0,18,0,0,0,0,0,0,214,8,0,0,0,,,
COrg,Caribbean Organization,1960,1965,2,2,66,General Purpose,0,Broad,DISS,general,broad,Americas,5,1,1,5,0,0,0,4,0,0,0,4,0,0,0,,,
COSAVE,COSAVE,1991,2016,2,2,2,Social Welfare,1,Narrow,,social_welf,narrow,Americas,25,0,0,25,0,0,0,5,0,0,0,5,0,0,0,,,
CPAB,Central Pan American Bureau of Eugenics and Homiculture,1927,1949,2,2,47,Social Welfare/health,0,Narrow,DISS,social_welf,narrow,Americas,22,1,1,22,0,1,1,20,0,0,0,21,0,0,0,,,
CPRW,Common Wagon Pool,1964,1991,5,2,91,Economic/transportation,0,Narrow,DISS,economic,narrow,Europe,27,1,1,27,0,0,0,8,0,0,0,7,0,0,0,,,
CPSC,Comm Portugese Speaking Countries,1996,2016,7,3,101,General Purpose,1,Broad,,general,broad,InterRegional,20,0,0,20,0,0,0,7,0,0,0,7,0,0,0,,,
CPU,Caribbean Postal Union,1997,2016,2,2,54,Economic/infrastructure,1,Narrow,,economic,narrow,Americas,19,0,0,19,0,0,0,11,0,0,0,11,0,0,0,,,
CSLF,Carbon Sequestration Leadership Forum,2003,2016,7,3,51,Social Welfare/Environment,1,Narrow,,social_welf,narrow,InterRegional,13,0,0,13,0,0,0,15,0,0,0,19,0,0,0,,,
CSTO,Collective Security Treaty Organization,1992,2016,5,2,,Security,1,Narrow,,security,narrow,Europe,24,0,0,24,0,0,0,0,0,0,214,6,0,0,0,,,
CTCAf,Commission for Technical Cooperation in Africa South of the Sahara,1954,1965,7,3,50,Technical/Research/Legal Advice,0,Narrow,SUCC,technical,narrow,InterRegional,11,1,0,62,0,0,0,5,0,0,0,24,0,0,0,,,
CTO,Commonwealth Telecom Board,1928,2016,7,2,61,Economic/infrastructure,1,Narrow,,economic,narrow,InterRegional,88,0,0,88,0,1,1,0,0,0,214,40,0,0,0,,,
CTU,Caribbean Telecomm Union,1989,2016,2,2,46,Economic/infrastructure,1,Narrow,,economic,narrow,Americas,27,0,0,27,0,0,0,NA,NA,NA,NA,20,0,0,0,,,
CWGC,Commonwealth War Graves Commission,1917,2016,7,2,2,Social Welf,1,Narrow,,social_welf,narrow,InterRegional,99,0,0,99,0,1,1,0,0,0,214,6,0,0,0,,,
CXC,Caribbean Examinations Council,1972,2016,2,2,49,Social Welf,1,Narrow,,social_welf,narrow,Americas,44,0,0,44,0,0,0,4,0,0,0,11,0,0,0,,,
Danube,Danube Commission,1948,2016,5,2,11,Economic/transportation,1,Narrow,,economic,narrow,Europe,68,0,0,68,0,0,0,6,0,0,0,11,0,0,0,,,
DBGLS,Development Bank of the Great Lakes States,1977,2000,1,2,77,Economic/finance,0,Medium,DES,economic,medium,Africa,23,1,1,23,0,0,0,0,0,0,214,5,0,0,0,,,
DLCOEA,Desert Locust Control Org. East Africa,1962,2016,1,2,3,Social Welfare/Environment,1,Narrow,,social_welf,narrow,Africa,54,0,0,54,0,0,0,3,0,0,0,8,0,0,0,,,
EAC/EACM,East African Community/Common Market,1967,1977,1,2,56,Economic/trade,0,Medium,DISS,economic,medium,Africa,10,1,1,10,0,0,0,NA,NA,NA,NA,3,0,0,0,,,
EACS,Sec. for the Commission for East Afr. Coop./East Aftican Community,1996,2016,1,2,56,General purpose,1,Broad,,general,broad,Africa,20,0,0,20,0,0,0,10,0,0,0,3,0,0,0,,,
EACSO,East African Common Services Organization,1961,1967,1,2,56,General Purpose,0,Broad,SUCC,general,broad,Africa,6,1,0,55,0,0,0,0,0,0,0,3,0,0,0,,,
EADB,East African Development Bank,1967,2016,1,2,66,Economic/finance,1,Narrow,,economic,narrow,Africa,49,0,0,49,0,0,0,3,0,0,0,3,0,0,0,,,
EAEC,Eurasian Economic Community/Central Asian Cooperation Org,2000,2015,7,2,5,Economic/trade,0,Medium,SUCC,economic,medium,InterRegional,14,1,,,0,0,0,6,0,0,0,5,0,0,0,,,
EAFFRO,East African Freshwater Fisheries Research Organization ,1946,1967,1,2,56,Economic/fisheries,0,Narrow,ABS,social_welf,narrow,Africa,21,1,0,70,0,0,0,3,0,0,0,3,0,0,0,,,
EAPC,Euro-Atlantic Partnership Council,1997,2016,7,2,78,Security,1,Medium,,security,medium,InterRegional,19,0,0,19,0,0,0,22,0,0,0,0,0,0,0,,,
EAPO,Eurasian Patent Org.,1994,2016,7,2,3,Technical/Research/Legal Advice,1,Narrow,,technical,narrow,InterRegional,22,0,0,22,0,0,0,9,0,0,0,9,0,0,0,,,
EBRD,European Bank for Reconstruction & Development,1990,2016,0,1,90,Economic/finance,1,Medium,,economic,medium,Global,26,0,0,26,0,0,0,36,0,0,0,59,0,0,0,,,
ECB,European Central Bank,1998,2016,5,2,38,Economic/finance,1,Narrow,,economic,narrow,Europe,18,0,0,18,0,0,0,15,0,0,0,12,0,0,0,,,
ECC,Energy Charter Conference,1994,2016,0,3,22,Economic,1,Narrow,,economic,narrow,Global,22,0,0,22,0,0,0,0,0,0,214,36,0,0,0,,,
ECCA,Eastern Caribbean Central Bank,1979,1983,2,2,77,Economic/finance,0,Narrow,SUCC,economic,narrow,Americas,4,1,0,37,0,0,0,3,0,0,0,5,0,0,0,,,
ECCAS,Economic Community of Central African States,1983,2016,1,2,8,Economic,1,Medium,,economic,medium,Africa,33,0,0,33,0,0,0,0,0,0,214,11,0,0,0,,,
ECCB,Eastern Caribb. Central Bank,1983,2016,2,2,98,Economic/finance,1,Narrow,,economic,narrow,Americas,33,0,0,33,0,0,0,6,0,0,0,6,0,0,0,,,
ECCD,European Commission for Control of the Danube,1856,1939,5,2,98,Economic/transportation,0,Narrow,DISS,economic,narrow,Europe,83,1,1,83,1,0,1,6,0,0,0,8,0,0,0,,,
ECCM,East Caribbean Common Market (ECCM),1968,1981,2,2,77,Economic/trade,0,Medium,ABS,economic,medium,Americas,13,1,0,48,0,0,0,0,0,0,214,5,0,0,0,,,
ECCPIF,European Company for the Chemical Processing of Irradiated Fuels,1959,1975,5,2,11,Technical/Research/Legal Advice,0,Narrow,DISS,technical,narrow,Europe,16,1,1,16,0,0,0,13,0,0,0,12,0,0,0,,,
ECHR,European Commission on Human Rights,1954,1998,5,2,65,Judicial,0,Narrow,ABS,judicial,narrow,Europe,44,1,0,62,0,0,0,10,0,0,0,39,0,0,0,,,
ECITO,European Central Inland Transport Organization,1945,1947,5,2,15,Economic/transportation,0,Narrow,SUCC,economic,narrow,Europe,2,1,0,71,0,0,0,13,0,0,0,13,0,0,0,,,
ECO,Economic Cooperation Organization,1985,2016,7,2,3,Economic,1,Medium,,economic,medium,InterRegional,31,0,0,31,0,0,0,3,0,0,0,10,0,0,0,,,
ECOrg,European Coal Organization,1945,1948,5,2,105,Economic/trade,0,Narrow,ABS,economic,narrow,Europe,3,1,0,71,0,0,0,9,0,0,0,15,0,0,0,,,
ECOWAS,Economic Community of West African States,1975,2016,1,2,22,Economic,1,Medium,,economic,medium,Africa,41,0,0,41,0,0,0,15,0,0,0,15,0,0,0,,,
ECPTA,Euro Conf Postal Telecom Admin,1959,2016,5,2,75,Economic/infrastructure,1,Narrow,,economic,narrow,Europe,57,0,0,57,0,0,0,18,0,0,0,45,0,0,0,,,
ECSC,European Coal and Steel Community,1952,2002,5,2,11,Economic/trade,0,Medium,EXP/ABS,economic,medium,Europe,50,1,1,50,0,0,0,5,0,0,0,12,0,0,0,,,
EEC,European Economic Community/European Community,1958,1992,5,2,11,Economic,0,Broad,ABS,economic,broad,Europe,34,1,0,58,0,0,0,6,0,0,0,12,0,0,0,,,
EFCC,European Food Code Council,1958,1965,5,2,32,Technical/Research/Legal Advice,0,Narrow,ABS,technical,narrow,Europe,7,1,0,58,0,0,0,18,0,0,0,18,0,0,0,,,
EFILWC,Eur. Foundation for Impr. of Living & Work Conditions,1975,2016,5,2,54,Social Welfare,1,Narrow,,social_welf,narrow,Europe,41,0,0,41,0,0,0,12,0,0,0,15,0,0,0,,,
EFTA,Euro Free Trade Assn,1960,2016,5,2,66,Economic/trade,1,Narrow,,economic,narrow,Europe,56,0,0,56,0,0,0,7,0,0,0,4,0,0,0,,,
EIB,Euro Investment Bank,1957,2016,5,2,54,Economic/finance,1,Narrow,,economic,narrow,Europe,59,0,0,59,0,0,0,5,0,0,0,24,0,0,0,,,
ELDO,European Space Vehicle Launcher Development Organization,1964,1975,5,2,86,Security/other,0,Narrow,MER,security,narrow,Europe,11,1,1,11,0,0,0,7,0,0,0,6,0,0,0,,,
EMB,Empire Marketing Board,1926,1933,7,2,86,Economic/trade,0,Narrow,DISS,economic,narrow,InterRegional,7,1,1,7,0,0,0,6,0,0,0,6,0,0,0,,,
EMBC,European Molecular Biology Conference,1969,2016,5,2,55,Technical/Research/Legal Advice,1,Narrow,,technical,narrow,Europe,47,0,0,47,0,0,0,3,0,0,0,24,0,0,0,,,
EMBL,Eur. Molecular Biol. Lab,1973,2016,7,2,46,Technical/Research/Legal Advice,1,Narrow,,technical,narrow,InterRegional,43,0,0,43,0,0,0,0,0,0,214,18,0,0,0,,,
EMI,European Monetary Institute (EMI),1994,1998,5,2,22,Economic/finance,0,Narrow,SUCC,economic,narrow,Europe,4,1,0,22,0,0,0,12,0,0,0,15,0,0,0,,,
EMPPO,Euro & Med Plant Protect Org,1951,2016,7,2,79,Social welfare,1,Narrow,,social_welf,narrow,InterRegional,65,0,0,65,0,0,0,15,0,0,0,46,0,0,0,,,
Entente,Entente Council,1959,2016,1,2,77,General purpose,1,Medium,,general,medium,Africa,57,0,0,57,0,0,0,4,0,0,0,5,0,0,0,,,
EPA,European Productivity Agency,1953,1961,5,2,47,Economic,0,Medium,ABS,economic,medium,Europe,8,1,0,63,0,0,0,16,0,0,0,21,0,0,0,,,
EPFSC,Europan Postal Financial Services Comm.,1992,2006,5,2,58,Economic/infrastructure,0,Narrow,DES,economic,narrow,Europe,14,1,1,14,0,0,0,22,0,0,0,24,0,0,0,,,
EPO,European Patent Organization,1977,2016,5,2,64,Technical/Research/Legal Advice,1,Narrow,,technical,narrow,Europe,39,0,0,39,0,0,0,7,0,0,0,31,0,0,0,,,
EPU,European Payments Union,1950,1958,5,2,28,Economic/finance,0,Narrow,SUCC,economic,narrow,Europe,8,1,0,66,0,0,0,15,0,0,0,17,0,0,0,,,
ESA,European Space Agency,1975,2016,5,2,48,Technical/Research/Legal Advice,1,Narrow,,technical,narrow,Europe,41,0,0,41,0,0,0,11,0,0,0,18,0,0,0,,,
ESO,European Southern Observatory,1962,2016,7,2,24,Technical/Research/Legal Advice,1,Narrow,,technical,narrow,InterRegional,54,0,0,54,0,0,0,6,0,0,0,11,0,0,0,,,
ESRO,European Space Research Organization,1964,1975,5,2,3,Technical/Research/Legal Advice,0,Narrow,MER,technical,narrow,Europe,11,1,1,11,0,0,0,10,0,0,0,10,0,0,0,,,
ETF,European Training Foundation,1990,2016,7,2,52,Social welfare/education,1,Narrow,,social_welf,narrow,InterRegional,26,0,0,26,0,0,0,12,0,0,0,15,0,0,0,,,
EU,European Union,1993,2016,5,2,54,General purpose,1,Broad,,general,broad,Europe,23,0,0,23,0,0,0,12,0,0,0,25,0,0,0,,,
EUFMD,Euro Comm for Control Foot-Mouth Disease,1954,2016,5,2,63,Technical/Research/Legal Advice,1,Narrow,,technical,narrow,Europe,62,0,0,62,0,0,0,11,0,0,0,32,0,0,0,,,
EURATOM,European Atomic Energy Agency,1958,2016,5,2,54,Economic,1,Medium,,economic,medium,Europe,58,0,0,58,0,0,0,6,0,0,0,12,0,0,0,,,
EUROCONTROL,Euro Org Safety Air Navig,1960,2016,5,2,68,Technical/Research/Legal Advice,1,Narrow,,technical,narrow,Europe,56,0,0,56,0,0,0,7,0,0,0,35,0,0,0,,,
EUROFIMA,Euro Comp for Finance Railway Rolling Stock,1956,2016,5,2,51,Economic/transportation,1,Narrow,,economic,narrow,Europe,60,0,0,60,0,0,0,16,0,0,0,19,0,0,0,,,
EUROMET,European Collaboration on Measurement Standards,1987,2007,5,2,105,Technical/Research/Legal Advice,0,Narrow,SUCC,technical,narrow,Europe,20,1,0,29,0,0,0,16,0,0,0,26,0,0,0,,,
FAO,Food & Ag Org,1945,2016,0,1,43,Economic/agriculture,1,Medium,,economic,medium,Global,71,0,0,71,0,0,0,43,0,0,0,179,0,0,0,,,
FAPED,Forum of African Parliamentarians for Education,2002,2016,1,2,77,Social Welfare,1,Narrow,,social_welf,narrow,Africa,14,0,0,14,0,0,0,5,0,0,0,5,0,0,0,,,
FDIPLAC,Fund 4 Devel. of Indigen Peoples of LA/Carib,1992,2016,2,2,47,Social Welfare,1,Narrow,,social_welf,narrow,Americas,24,0,0,24,0,0,0,22,0,0,0,22,0,0,0,,,
FEC,Far East Commission,1945,1951,7,3,8,Security/other,0,Medium,DISS,security,medium,InterRegional,6,1,1,6,0,0,0,7,0,0,0,11,0,0,0,,,
G15,Group of 15,1989,2016,7,3,32,Economic,1,Medium,,economic,medium,InterRegional,27,0,0,27,0,0,0,15,0,0,0,19,0,0,0,,,
G24,Group of 24,1972,2016,0,3,50,Economic,1,Medium,,economic,medium,Global,44,0,0,44,0,0,0,24,0,0,0,24,0,0,0,,,
G3,Group of 3,1995,2006,2,2,56,Economic,0,Narrow,DISS,economic,narrow,Americas,11,1,1,11,0,0,0,3,0,0,0,3,0,0,0,,,
GATT,General Agreement on Tariffs and Trade (GATT),1948,1995,0,1,14,Economic/trade,0,Narrow,SUCC,economic,narrow,Global,47,1,0,68,0,0,0,28,0,0,0,125,0,0,0,,,
GBACT,Group on the Balkan Agreement on Cooperation on Tourism,1971,1988,5,2,77,Social Welfare/other,0,Narrow,DES,social_welf,narrow,Europe,17,1,1,17,0,0,0,5,0,0,0,5,0,0,0,,,
GCC,Gulf Cooperation Council,1981,2016,3,2,86,General purpose,1,Broad,,general,broad,MiddleEast,35,0,0,35,0,0,0,6,0,0,0,6,0,0,0,,,
GCRSNC,Guidance Committee for Road Safety in the Nordic Countries/Nordic Road Safety Council,1993,1999,5,2,77,Social Welfare/other,0,Narrow,DISS,social_welf,narrow,Europe,6,1,1,6,0,0,0,4,0,0,0,5,0,0,0,,,
GEF,Global Environ. Fund,1991,2016,0,1,65,Social Welfare/Environment,1,Medium,,social_welf,medium,Global,25,0,0,25,0,0,0,0,0,0,214,171,0,0,0,,,
GEO,Group on Earth Observations,2005,2016,0,1,6,Social Welfare,1,Narrow,,social_welf,narrow,Global,11,0,0,11,0,0,0,0,0,0,214,104,0,0,0,,,
GHSI,Global Health Security Initiative,2001,2016,7,3,98,Social Welfare/health,1,Narrow,,social_welf,narrow,InterRegional,15,0,0,15,0,0,0,8,0,0,0,8,0,0,0,,,
GLASEC,Group of Latin American and Caribbean Sugar Exporters,1976,2001,2,2,48,Economic/trade,0,Narrow,DISS,economic,narrow,Americas,25,1,1,25,0,0,0,NA,NA,NA,NA,22,0,0,0,,,
GOIC,Gulf Org. for Industrial Consulting,1976,2016,3,2,86,Economic,1,Narrow,,economic,narrow,MiddleEast,40,0,0,40,0,0,0,0,0,0,214,6,0,0,0,,,
GRBDO,Gambia River Basin Dev. Org.,1978,2016,1,2,77,Economic,1,Medium,,economic,medium,Africa,38,0,0,38,0,0,0,0,0,0,214,4,0,0,0,,,
HCPIL,Hague Conf on Private Intl Law,1955,2016,0,1,99,Judicial,1,Narrow,,judicial,narrow,Global,61,0,0,61,0,0,0,19,0,0,0,62,0,0,0,,,
HELCOM,Helsinki Commission,1974,2016,5,2,,Social Welfare,1,Medium,,social_welf,medium,Europe,42,0,0,42,0,0,0,0,0,0,214,9,0,0,0,,,
IABath,International Association for Public Baths and Cleanliness,1912,1923,0,1,3,Social Welfare/health,0,Narrow,DES,social_welf,narrow,Global,11,1,1,11,1,0,1,10,0,0,0,10,0,0,0,,,
IABE,Ibero-Am Office of Education,1949,2016,2,2,48,Social welfare/education,1,Medium,,social_welf,medium,Americas,67,0,0,67,0,0,0,12,0,0,0,19,0,0,0,,,
IACB,Inter-American Coffee Board,1940,1948,2,2,22,Economic/trade,0,Narrow,SUCC,economic,narrow,Americas,8,1,0,76,0,0,0,15,0,0,0,15,0,0,0,,,
IACI,Inter-Am Children's Instit,1927,2016,2,2,61,Social Welfare,1,Narrow,,social_welf,narrow,Americas,89,0,0,89,0,1,1,20,0,0,0,34,0,0,0,,,
IACS,Inter-African Committee on Statistics,1954,1965,7,2,98,Technical/Research/Legal Advice,0,Narrow,SUCC,technical,narrow,InterRegional,11,1,0,62,0,0,0,5,0,0,0,8,0,0,0,,,
IACSS,Inter-Am Conf on Social Security,1942,2016,2,2,62,Technical,1,Narrow,,technical,narrow,Americas,74,0,0,74,0,0,0,21,0,0,0,33,0,0,0,,,
IACW,Inter-American Commission of Women,1928,1953,2,2,46,Social Welfare/human rights,0,Narrow,ABS,social_welf,narrow,Americas,25,1,0,88,0,1,1,20,0,0,0,20,0,0,0,,,
IADB,Inter-Am Dev Bank,1959,2016,2,2,75,Economic/finance,1,Narrow,,economic,narrow,Americas,57,0,0,57,0,0,0,18,0,0,0,27,0,0,0,,,
IADefB,Inter-American Defense Board,1942,2016,2,2,54,Security,1,Narrow,,security,narrow,Americas,74,0,0,74,0,0,0,21,0,0,0,24,0,0,0,,,
IAEA,Intl Atomic Energy Agency,1957,2016,0,1,27,General Purpose,1,Broad,,general,broad,Global,59,0,0,59,0,0,0,60,0,0,0,136,0,0,0,,,
IAFC,Inter-American Federation of Cotton,1959,1966,2,2,86,Economic/trade,0,Narrow,NA,economic,narrow,Americas,7,1,1,7,0,0,0,6,0,0,0,6,0,0,0,,,
IAHC,Inter-American High Commission,1915,1931,2,2,32,Economic,0,Broad,DES,economic,broad,Americas,16,1,1,16,0,0,0,19,0,0,0,18,0,0,0,,,
IAIAS,Inter-Am Instit of Ag Science,1944,2016,2,2,62,Economic/agriculture,1,Narrow,,economic,narrow,Americas,72,0,0,72,0,0,0,12,0,0,0,34,0,0,0,,,
IAIC,Inter-Am Invest Corp.,1988,2016,7,3,72,Economic/finance,1,Narrow,,economic,n,InterRegional,28,0,0,28,0,0,0,0,0,0,214,36,0,0,0,,,
IAIGC,Inter-Arab Investment Guarantee Corp.,1974,2016,3,2,47,Economic/finance,1,Narrow,,economic,narrow,MiddleEast,42,0,0,42,0,0,0,0,0,0,214,20,0,0,0,,,
IAII,Inter-American Indian Institute,1940,1953,2,2,28,Social Welfare/human rights,0,Narrow,DISS,social_welf,narrow,Americas,13,1,1,13,0,0,0,14,0,0,0,17,0,0,0,,,
IALong,International Advisory Committee for Long Distance Telephony CCI,1924,1932,5,2,50,Economic/infrastructure,0,Narrow,NA,economic,narrow,Europe,8,1,1,8,0,0,0,21,0,0,0,24,0,0,0,,,
IAMLO,International African Migratory Locust Organization,1955,1985,1,2,28,Social Welfare/Environment,0,Narrow,DISS,social_welf,narrow,Africa,30,1,1,30,0,0,0,3,0,0,0,17,0,0,0,,,
IAPhy,Inter-African Phytosanitary Convention,1954,1960,1,2,77,Social Welfare/Environment,0,Narrow,ABS,social_welf,narrow,Africa,6,1,0,62,0,0,0,5,0,0,0,5,0,0,0,,,
IARA,Inter-Allied Reparation Agency,1946,1955,7,3,38,Security/other,0,Narrow,DISS,security,narrow,InterRegional,9,1,1,9,0,0,0,17,0,0,0,19,0,0,0,,,
IARadiO,Inter-American Radio Office,1937,1963,2,2,8,Economic/infrastructure,0,Narrow,DISS,economic,narrow,Americas,26,1,1,26,0,1,1,21,0,0,0,11,0,0,0,,,
IARHC,Inter-Allied Rhineland High Commission,1919,1934,7,3,66,Security/collective Security,0,Medium,EXP,security,medium,InterRegional,15,1,1,15,0,0,0,5,0,0,0,4,0,0,0,,,
IARuhr,International Authority for the Ruhr,1949,1953,5,3,86,Economic/trade,0,Medium,DISS,economic,medium,Europe,4,1,1,4,0,0,0,6,0,0,0,6,0,0,0,,,
IAS,International Seismological Association,1905,1922,0,1,38,Technical/Research/Legal Advice,0,Narrow,DISS,technical,narrow,Global,17,1,1,17,1,0,1,14,0,0,0,19,0,0,0,,,
IASAJ,Int'l Assoc. of Supreme Admin. Jurisdictions,1983,2016,0,1,92,Judicial,1,Narrow,,judicial,narrow,Global,33,0,0,33,0,0,0,24,0,0,0,52,0,0,0,,,
IATB,Inter-American Trademark Bureau,1917,1944,2,2,8,Economic/Technical,0,Narrow,DISS,economic,narrow,Americas,27,1,1,27,0,1,1,11,0,0,0,11,0,0,0,,,
IATSJ,International Arbitration Tribunal at San Jose,1902,1907,2,2,66,Judicial,0,Narrow,DISS,judicial,narrow,Americas,5,1,1,5,0,0,0,4,0,0,0,4,0,0,0,,,
IATTC,Inter-Am Tropical Tuna Comm,1949,2016,2,2,46,Social Welfare/Environment,1,Narrow,,social_welf,narrow,Americas,67,0,0,67,0,0,0,3,0,0,0,14,0,0,0,,,
IBA,International Bauxite Association (IBA),1974,1997,7,3,98,Economic/trade,0,Narrow,DES,economic,narrow,InterRegional,23,1,1,23,0,0,0,10,0,0,0,8,0,0,0,,,
IBCS,International Bureau of Commercial Statistics,1913,1935,0,1,32,Economic/technical,0,Narrow,DISS,economic,narrow,Global,22,1,1,22,1,0,1,29,0,0,0,18,0,0,0,,,
IBE,International Bureau of Education,1929,1969,0,1,79,Social welfare/education,0,Narrow,ABS,social_welf,narrow,Global,40,1,0,87,0,1,1,12,0,0,0,51,0,0,0,,,
IBEC,Intl Bank Economic Coop,1963,2016,7,3,98,Economic/finance,1,narrow,,economic,narrow,InterRegional,53,0,0,53,0,0,0,8,0,0,0,9,0,0,0,,,
IBI,Intergovernmental Bureau for Informatics (IBI),1974,1991,0,1,67,Technical/Research/Legal Advice,0,Narrow,DISS,technical,narrow,Global,17,1,1,17,0,0,0,0,0,0,214,40,0,0,0,,,
IBIER,International Bureau for Information and Enquiries regarding Relief to Foreigner,1907,1921,0,1,38,Social Welfare/human rights,0,Narrow,ABS,social_welf,narrow,Global,14,1,0,109,1,0,1,19,0,0,0,19,0,0,0,,,
IBPMP,Int Comm for Protection of Moselle,1963,2016,5,2,56,Social Welfare/Environment,1,narrow,,social_welf,narrow,Europe,53,0,0,53,0,0,0,3,0,0,0,3,0,0,0,,,
IBRD,World Bank,1945,2016,0,1,33,Economic/finance/development,1,Medium,,economic,medium,Global,71,0,0,71,0,0,0,40,0,0,0,169,0,0,0,,,
ICAC,Intl Cotton Adv Comte,1939,2016,0,1,69,Technical/Research/Legal Advice,1,Narrow,,technical,narrow,Global,77,0,0,77,0,0,0,11,0,0,0,45,0,0,0,,,
ICAI,Intl Comm of Agricultural Industries,1934,2016,0,1,1,NA,1,Narrow,,NA,narrow,Global,82,0,0,82,0,1,1,31,0,0,0,0,0,0,214,,,
ICAmO,International Central American Office,1907,1920,2,2,66,General Purpose,0,Broad,DES,general,broad,Americas,13,1,1,13,1,0,1,4,0,0,0,4,0,0,0,,,
ICAO,Intl Civil Aviation Org,1919,2016,0,1,31,Economic/transportation,1,Narrow,,economic,narrow,Global,97,0,0,97,0,1,1,13,0,0,0,186,0,0,0,,,
ICC,International Criminal Court,2002,2016,0,1,13,Judicial,1,Narrow,,judicial,narrow,Global,14,0,0,14,0,0,0,87,0,0,0,100,0,0,0,,,
ICCEC,Intergovernmental Council of Copper Exporting Countries,1968,1997,7,3,66,Economic/trade,0,Narrow,DES,economic,narrow,InterRegional,29,1,1,29,0,0,0,4,0,0,0,4,0,0,0,,,
ICCILMB,Interim Committee for Coordination of Investigations of the Lower Mekong Basin (,1978,1995,4,2,47,Social Welfare/Environment,0,Narrow,SUCC,social_welf,narrow,Asia,17,1,0,38,0,0,0,27,0,0,0,21,0,0,0,,,
ICCO,Int'l Cocoa Org.,1973,2016,0,1,71,Economic/trade,1,Narrow,,economic,narrow,Global,43,0,0,43,0,0,0,46,0,0,0,39,0,0,0,,,
ICCROM,Intl Center Study Preserv & Restor Cultural Prop,1958,2016,0,1,19,Social Welfare/Culture,1,Narrow,,social_welf,narrow,Global,58,0,0,58,0,0,0,25,0,0,0,114,0,0,0,,,
ICCS,Intl Comm on Civil Status,1948,2016,5,2,24,Social Welfare,1,Narrow,,social_welf,narrow,Europe,68,0,0,68,0,0,0,0,0,0,214,14,0,0,0,,,
ICCSLT,International Commission of the Cape Spartel Light in Tangier,1865,1958,7,3,11,Security/other,0,Medium,DISS,security,medium,InterRegional,93,1,1,93,1,1,1,11,0,0,0,12,0,0,0,,,
ICDR,International Commission for the Decennial Revision of the Nomenclature of the C,1900,1938,0,1,64,Social Welfare/health,0,Narrow,DES,social_welf,narrow,Global,38,1,1,38,1,0,1,23,0,0,0,38,0,0,0,,,
ICES,Intl Council for Exploration of Sea,1902,2016,7,2,46,Technical/Research/Legal Advice,1,Narrow,,technical,narrow,InterRegional,114,0,0,114,1,1,1,6,0,0,0,19,0,0,0,,,
ICFAM,International Centre for Food Micro-Algae Against Malnutrition,2001,2016,0,1,82,Technical/Research/Legal Advice,1,Narrow,,technical,narrow,Global,15,0,0,15,0,0,0,4,0,0,0,4,0,0,0,,,
ICfO,Intl Coffee Org,1963,2016,0,3,95,Economic/trade,1,Narrow,,economic,narrow,Global,53,0,0,53,0,0,0,11,0,0,0,64,0,0,0,,,
IChemO,International Chemistry Office,1927,1940,0,1,49,Technical/Research/Legal Advice,0,Narrow,DES,technical,narrow,Global,13,1,1,13,0,1,1,18,0,0,0,23,0,0,0,,,
ICHRB,Int'l Comm. for the Hydrology of the Rhine Basin,1970,2016,5,2,86,Technical/Research/Legal Advice,1,Narrow,,technical,narrow,Europe,46,0,0,46,0,0,0,6,0,0,0,6,0,0,0,,,
ICivDO,Int'l Civil Defence Org.,1972,2016,0,1,85,Security,1,Medium,,security,medium,Global,44,0,0,44,0,0,0,14,0,0,0,50,0,0,0,,,
ICMMP,Intl Comte of Military Medicine & Pharmacy,1921,2016,0,1,9,Security,1,Narrow,,security,narrow,Global,95,0,0,95,0,1,1,8,0,0,0,94,0,0,0,,,
ICMPD,Intl Centre for Migration Policy Development,1995,2016,5,2,,Social Welfare,1,Narrow,,social_welf,narrow,Europe,21,0,0,21,0,0,0,0,0,0,214,15,0,0,0,,,
ICNC,International Commission for the Navigation of the Congo,1885,1914,5,3,86,Economic/transportation,0,Medium,DES,economic,medium,Europe,29,1,1,29,0,0,0,6,0,0,0,6,0,0,0,,,
ICNWAF,International Commission for the Northwest Atlantic Fisheries,1949,1978,7,3,77,Social Welfare/Environment,0,Narrow,SUCC,social_welf,narrow,InterRegional,29,1,0,67,0,0,0,10,0,0,0,5,0,0,0,,,
IComO,International Commission for the Oder,1919,1936,5,2,91,Economic/transportation,0,Narrow,DES,economic,narrow,Europe,17,1,1,17,0,0,0,5,0,0,0,7,0,0,0,,,
ICPRP,Int Comm Protect Rhine Pollution,1963,2016,5,2,66,Social Welfare/Environment,1,Narrow,,social_welf,narrow,Europe,53,0,0,53,0,0,0,5,0,0,0,5,0,0,0,,,
ICPTU,International Conference for Promoting Technical Unification on the Railways/Int,1882,1938,5,2,32,Technical,0,Narrow,DES,economic,narrow,Europe,56,1,1,56,1,0,1,8,0,0,0,18,0,0,0,,,
ICRI,Int'l Coral Reef Initiative,1994,2016,0,1,63,Social Welfare/Environment,1,Narrow,,social_welf,narrow,Global,22,0,0,22,0,0,0,0,0,0,214,8,0,0,0,,,
ICRPBC,Intergov. Committee of the River Plate Basin,1969,2016,2,2,77,Social Welfare/Environment,1,Narrow,,social_welf,narrow,Americas,47,0,0,47,0,0,0,0,0,0,214,5,0,0,0,,,
ICSE,Intl Comm Scientific Exploration of Med Sea,1910,2016,0,2,49,Technical/Research/Legal Advice,1,Narrow,,technical,narrow,Global,106,0,0,106,1,1,1,0,0,0,214,23,0,0,0,,,
ICSEAF,International Commission for the Southeast Atlantic Fisheries (ICSEAF),1969,1990,7,2,28,Economic/fisheries,0,Narrow,DES,economic,narrow,InterRegional,21,1,1,21,0,0,0,8,0,0,0,17,0,0,0,,,
ICSG,Int'l Copper Study Grp.,1992,2016,0,3,50,Economic,1,Narrow,,economic,narrow,Global,24,0,0,24,0,0,0,19,0,0,0,23,0,0,0,,,
ICTM,International Commission on the Teaching of Mathematics,1908,1939,0,1,102,Social welfare/education,0,Narrow,DISS,social_welf,narrow,Global,31,1,1,31,1,0,1,21,0,0,0,92,0,0,0,,,
IDC,Imperial Defense Committee,1920,1940,7,2,77,Security/other,0,Medium,ABS,security,medium,InterRegional,20,1,0,96,0,1,1,6,0,0,0,5,0,0,0,,,
IDLO,International Development Law,1988,2016,0,1,,Social welfare,1,Narrow,,social_welf,narrow,Global,28,0,0,28,0,0,0,0,0,0,214,27,0,0,0,,,
IEA,Intl Energy Agency,1974,2016,0,3,49,Economic,1,Narrow,,economic,narrow,Global,42,0,0,42,0,0,0,15,0,0,0,26,0,0,0,,,
IEC,International Elbe Commission,1919,1936,5,2,86,Economic/transportation,0,Narrow,DES,economic,narrow,Europe,17,1,1,17,0,0,0,5,0,0,0,6,0,0,0,,,
IEF ,International Energy Forum ,2003,2016,0,1,,Economic,1,Narrow,,economic,narrow,Global,13,0,0,13,,0,0,0,0,0,214,72,0,0,0,,,
IEPG,Independent European Programme Group,1976,1992,5,2,15,Security/arms control,0,Narrow,SUCC,security,narrow,Europe,16,1,0,40,0,0,0,11,0,0,0,13,0,0,0,,,
IES,International Exchange Service,1886,1939,0,1,63,Technical/Research/Legal Advice,0,Narrow,DES,technical,narrow,Global,53,1,1,53,1,0,1,10,0,0,0,38,0,0,0,,,
IEXB,Intl Exhib Bureau,1928,2016,0,1,27,Social Welfare,1,Narrow,,social_welf,narrow,Global,88,0,0,88,0,1,1,0,0,0,214,97,0,0,0,,,
IFAD,Int Fund for Agriculture & Development,1974,2016,0,1,30,Economic/finance/agriculture,1,Medium,,economic,medium,Global,42,0,0,42,0,0,0,0,0,0,214,159,0,0,0,,,
IFC,Int'l Finance Corporation,1956,2016,0,1,35,Economic/finance,1,Medium,,economic,medium,Global,60,0,0,60,0,0,0,56,0,0,0,176,0,0,0,,,
IFCA,International Finance Commission at Athens,1898,1914,5,3,86,Economic/finance,0,Narrow,DES,economic,narrow,Europe,16,1,1,16,0,0,0,6,0,0,0,6,0,0,0,,,
IGAD,Inter-Gov Authority on Development,1986,2016,1,2,98,Economic,1,Medium,,economic,medium,Africa,30,0,0,30,0,0,0,6,0,0,0,7,0,0,0,,,
IGC,Intl Grains Council,1949,2016,0,3,53,Economic/trade,1,Narrow,,economic,narrow,Global,67,0,0,67,0,0,0,30,0,0,0,26,0,0,0,,,
IGCC,Intergovernmental Copyright Committee,1952,1971,0,1,15,Technical/Research/Legal Advice,0,Narrow,ABS,technical,narrow,Global,19,1,0,64,0,0,0,10,0,0,0,13,0,0,0,,,
IGCR,Intergovernmental Committee on Refugees,1939,1947,7,1,63,Social Welfare/human rights,0,Narrow,SUCC,social_welf,narrow,InterRegional,8,1,0,77,0,0,0,3,0,0,0,37,0,0,0,,,
IHO,Intl Hydrographic Org,1919,2016,0,1,100,Technical/Research/Legal Advice,1,Narrow,,technical,narrow,Global,97,0,0,97,0,1,1,0,0,0,214,75,0,0,0,,,
IIA,International Institute of Agriculture,1905,1945,0,1,74,Technical/Research/Legal Advice,0,Narrow,SUCC,technical,narrow,Global,40,1,0,111,1,1,1,33,0,0,0,47,0,0,0,,,
IIC,International Institute for Cotton,1966,1994,7,3,86,Economic/trade,0,Narrow,DISS,economic,narrow,InterRegional,28,1,1,28,0,0,0,48,0,0,0,6,0,0,0,,,
IICom,International Institute of Commerce,1919,1943,0,1,32,Economic/Technical,0,Narrow,DES,economic,narrow,Global,24,1,1,24,0,1,1,14,0,0,0,18,0,0,0,,,
IIE,Imperial Institute of Entomology,1920,1933,7,3,66,Technical/Research/Legal Advice,0,Narrow,SUCC,technical,narrow,InterRegional,13,1,0,96,0,0,0,4,0,0,0,4,0,0,0,,,
IIF,Intl Instit of Refrigeration,1920,2016,0,1,85,Technical/Research/Legal Advice,1,Narrow,,technical,narrow,Global,96,0,0,96,0,1,1,32,0,0,0,67,0,0,0,,,
IIWEE,International Institute for Water and Environment Engineering,2004,2016,0,1,8,Social Welfare/Environment,1,Narrow,,social_welf,narrow,Global,12,0,0,12,0,0,0,14,0,0,0,14,0,0,0,,,
IJO,International Jute Organization (IJO),1984,2001,7,3,52,Economic/trade,0,Narrow,EXP,economic,narrow,InterRegional,17,1,1,17,0,0,0,26,0,0,0,26,0,0,0,,,
ILO,Intl Labour Org,1919,2016,0,1,36,Social Welfare,1,Medium,,social_welf,medium,Global,97,0,0,97,0,1,1,33,0,0,0,175,0,0,0,,,
ILZSG,Intl Lead & Zinc Study Group,1959,2016,0,3,54,Economic/trade,1,Narrow,,economic,narrow,Global,57,0,0,57,0,0,0,27,0,0,0,27,0,0,0,,,
IMBSlav,International Maritime Bureau Against the Slave Trade,1890,1914,5,3,17,Social Welfare/human rights,0,Medium,DISS,social_welf,medium,Europe,24,1,1,24,0,0,0,14,0,0,0,14,0,0,0,,,
IMC,International Moselle Company,1963,1987,5,2,56,Economic/transportation,0,Narrow,SUCC,economic,narrow,Europe,24,1,0,53,0,0,0,3,0,0,0,3,0,0,0,,,
IMF,Intl Monetary Fund,1944,2016,0,1,37,Economic/finance,1,Medium,,economic,medium,Global,72,0,0,72,0,0,0,36,0,0,0,182,0,0,0,,,
IMI,Imperial Mycological Institute,1920,1948,7,3,66,Social Welfare/environment,0,Narrow,SUCC,social_welf,narrow,InterRegional,28,1,0,96,0,1,1,4,0,0,0,4,0,0,0,,,
IMO,Intl Maritime Org,1948,2016,0,1,29,Economic/transportation,1,Narrow,,economic,narrow,Global,68,0,0,68,0,0,0,11,0,0,0,163,0,0,0,,,
IMSO,Int'l Mobile Satellite Org.,1979,2016,0,1,5,Economic/infrastructure,1,Narrow,,economic,narrow,Global,37,0,0,37,0,0,0,29,0,0,0,87,0,0,0,,,
INCAP,Instit Nutrition for Cent Am & Pan,1949,2016,2,2,98,Economic,1,Medium,,economic,medium,Americas,67,0,0,67,0,0,0,6,0,0,0,7,0,0,0,,,
INFOFISH,InfoFish,1981,2016,4,3,15,Economic/fisheries,1,Narrow,,economic,narrow,Asia,35,0,0,35,0,0,0,0,0,0,214,13,0,0,0,,,
INFSMK,Centre for Marketing Information and Advisory Services for Fishery/INFOSAMAK,1986,2016,4,2,98,Economic/fisheries,1,Narrow,,economic,narrow,Asia,30,0,0,30,0,0,0,0,0,0,214,8,0,0,0,,,
INPFC,International North Pacific Fisheries Commission ,1952,1992,7,2,56,Social Welfare/Environment,0,Narrow,SUCC,social_welf,narrow,InterRegional,40,1,0,64,0,0,0,3,0,0,0,3,0,0,0,,,
INRO,International Natural Rubber Organization (INRO),1980,1999,7,3,52,Economic/trade,0,Narrow,EXP,economic,narrow,InterRegional,19,1,1,19,0,0,0,33,0,0,0,26,0,0,0,,,
INSG,Int'l Nickel Study Group,1990,2016,0,3,22,Economic/trade,1,Narrow,,economic,narrow,Global,26,0,0,26,0,0,0,12,0,0,0,15,0,0,0,,,
INTELSAT,International Telecommunications Satellite Organization (INTELSAT),1964,2000,0,1,16,Economic/infrastructure,0,Narrow,SUCC,economic,narrow,Global,36,1,0,52,0,0,0,0,0,0,213,137,0,0,0,,,
INTERPOL,Intl Criminal Police Comm,1923,2016,0,1,39,Security,1,Medium,,security,medium,Global,93,0,0,93,0,1,1,22,0,0,0,178,0,0,0,,,
IOcC,Intergov. Oceanographic Comm.,1960,2016,0,1,21,Technical/Research/Legal Advice,1,Narrow,,technical,narrow,Global,56,0,0,56,0,0,0,46,0,0,0,129,0,0,0,,,
Iocean,Interoceanmetal Joint Organizaation,1987,2016,5,2,91,Technical/Research/Legal Advice,1,Narrow,,technical,narrow,Europe,29,0,0,29,0,0,0,7,0,0,0,6,0,0,0,,,
IOCom,Indian Ocean Comm,1982,2016,7,2,77,Economic,1,Medium,,economic,medium,InterRegional,34,0,0,34,0,0,0,3,0,0,0,5,0,0,0,,,
IOEz,Intl Office Epizootics/World Org. Animal Health,1924,2016,0,1,33,Technical/Research/Legal Advice,1,Narrow,,technical,narrow,Global,92,0,0,92,0,1,1,37,0,0,0,164,0,0,0,,,
IOLM,Intl Org Legal Metrology,1955,2016,0,1,88,Technical/Research/Legal Advice,1,Narrow,,technical,narrow,Global,61,0,0,61,0,0,0,21,0,0,0,57,0,0,0,,,
IOMig,Intl Org for Migration,1951,2016,0,1,26,Social Welfare,1,Medium,,social_welf,medium,Global,65,0,0,65,0,0,0,22,0,0,0,106,0,0,0,,,
IOOC,Intl Olive Oil Council,1959,2016,7,3,11,Economic/trade,1,Narrow,,economic,narrow,InterRegional,57,0,0,57,0,0,0,8,0,0,0,24,0,0,0,,,
IOPCF,Int'l Oil Pollution Compens. Funds,1975,2016,0,1,10,Economic,1,Narrow,,economic,narrow,Global,41,0,0,41,0,0,0,16,0,0,0,85,0,0,0,,,
IOPH,International Office of Public Health/hygeine,1907,1946,0,1,58,Social Welfare/health,0,Medium,SUCC,social_welf,medium,Global,39,1,0,109,1,1,1,17,0,0,0,31,0,0,0,,,
IORA,Indian Ocean Rim Association,1997,2016,4,2,,Economic,1,Medium,,economic,medium,Asia,19,0,0,19,0,0,0,0,0,0,214,21,0,0,0,,,
IOTA,Intra-European Organization of Tax administators,1996,2016,5,2,62,Economic,1,Narrow,,economic,narrow,Europe,20,0,0,20,0,0,0,7,0,0,0,36,0,0,0,,,
IOTHRE,Inter-State Organzation for Advanced Technicians of Hydraulics,1972,2004,1,2,17,Social welfare/education,0,Narrow,MER,social_welf,narrow,Africa,32,1,1,32,0,0,0,NA,NA,NA,NA,14,0,0,0,,,
IPC,Int'l Pepper Community,1971,2016,7,3,86,Economic/trade,1,Narrow,,economic,narrow,InterRegional,45,0,0,45,0,0,0,0,0,0,214,38,0,0,0,,,
IPedI,International Pedological Institute,1908,1941,0,1,77,Technical/Research/Legal Advice,0,Narrow,NA,social_welf,narrow,Global,33,1,1,33,1,1,1,4,0,0,0,5,0,0,0,,,
IPentC,International Penitentiary Commission,1875,1950,0,1,51,Social Welfare/other,0,Narrow,ABS,social_welf,narrow,Global,75,1,0,141,1,1,1,17,0,0,0,25,0,0,0,,,
IPGRI,Int'l Plant Genetic Resource Instit./Biodiversity International ,1994,2016,0,1,2,Technical/Research/Legal Advice,1,Narrow,,technical,narrow,Global,22,0,0,22,0,0,0,25,0,0,0,48,0,0,0,,,
IPhyL,International Physiological Laboratories on Monte-Rosa,1904,1929,0,1,101,Social Welfare/health,0,Narrow,NA,social_welf,narrow,Global,25,1,1,22,1,0,1,9,0,0,0,9,0,0,0,,,
IPI,International Patent Institute,1947,1977,5,2,91,Technical/Research/Legal Advice,0,Narrow,ABS,technical,narrow,Europe,30,1,0,69,0,0,0,4,0,0,0,7,0,0,0,,,
IPrizeC,International Prize Court,1907,1914,0,3,15,Judicial,0,Narrow,DES,judicial,narrow,Global,7,1,1,7,0,0,0,13,0,0,0,13,0,0,0,,,
IRC,Intl Rice Comm,1948,2016,0,3,88,Economic/trade,1,Narrow,,economic,narrow,Global,68,0,0,68,0,0,0,12,0,0,0,60,0,0,0,,,
IRLCS,International Red Locust Control Service,1949,1970,7,3,98,Social Welfare/Environment,0,Narrow,SUCC,social_welf,narrow,InterRegional,21,1,0,67,0,0,0,4,0,0,0,8,0,0,0,,,
IRO,International Refugee Organization,1946,1952,0,1,24,Social Welfare/human rights,0,Narrow,DISS,social_welf,narrow,Global,6,1,1,6,0,0,0,21,0,0,0,16,0,0,0,,,
IRSG,Intl Rubber Study Group,1944,2016,7,3,62,Economic/trade,1,Narrow,,economic,narrow,InterRegional,72,0,0,72,0,0,0,3,0,0,0,24,0,0,0,,,
IRU,International Relief Union,1927,1945,0,1,48,Technical/Research/Legal Advice,0,Narrow,DISS,technical,narrow,Global,18,1,1,18,0,1,1,14,0,0,0,22,0,0,0,,,
ISA,Int'l Seabed Authority,1994,2016,0,1,27,Social Welfare/Environment,1,Medium,,social_welf,medium,Global,22,0,0,22,0,0,0,59,0,0,0,144,0,0,0,,,
ISB,Interstate Bank,1993,2016,7,2,101,Economic/finance,1,Narrow,,economic,narrow,InterRegional,23,0,0,23,0,0,0,10,0,0,0,10,0,0,0,,,
ISDB,Islamic Dev. Bank,1974,2016,7,3,83,Economic/finance,1,Narrow,,economic,narrow,InterRegional,42,0,0,42,0,0,0,27,0,0,0,46,0,0,0,,,
ISHREST,Inter-State School of Hydraulic and Rural Engineering for Senior,1972,1996,0,3,17,Social welfare/education,0,Narrow,DES,social_welf,narrow,Global,24,1,1,24,0,0,0,0,0,0,214,14,0,0,0,,,
ISRBC,International Sava River Basin Commission,2002,2016,5,2,77,Economic,1,Medium,,economic,medium,Europe,14,0,0,14,0,0,0,4,0,0,0,4,0,0,0,,,
ISuC,International Sugar Council,1937,1967,7,3,49,Economic/trade,0,Narrow,SUCC,economic,narrow,InterRegional,30,1,0,79,0,1,1,16,0,0,0,23,0,0,0,,,
ISUPT,International Secretariat for the Unification of Pharmacological Terms,1902,1914,0,1,101,Technical/Research/Legal Advice,0,Narrow,DES,technical,narrow,Global,12,1,1,12,0,0,0,9,0,0,0,9,0,0,0,,,
ITC,International Tin Council,1956,1990,7,3,50,Economic/trade,0,Narrow,DISS,economic,narrow,InterRegional,34,1,1,34,0,0,0,7,0,0,0,24,0,0,0,,,
ITCC,International Telegraph Consultative Committee,1925,1956,0,1,38,Technical/Research/Legal Advice,0,Narrow,MER,technical,narrow,Global,31,1,1,31,0,1,1,21,0,0,0,19,0,0,0,,,
ITCLE,International Technical Committee of Legal Experts on Air Questions,1926,1941,0,1,57,Technical/Research/Legal Advice,0,Narrow,SUCC,technical,narrow,Global,15,1,0,90,0,1,1,33,0,0,0,30,0,0,0,,,
ITPA,International Tea Promotion Association (ITPA),1977,1984,7,3,98,Economic/trade,0,Narrow,DES,economic,narrow,InterRegional,7,1,1,7,0,0,0,8,0,0,0,8,0,0,0,,,
ITPRTO,International Traffic Police and Road Transportation Organization,1994,2001,1,2,101,Economic/transportation,0,Narrow,DES,economic,narrow,Africa,7,1,1,7,0,0,0,9,0,0,0,9,0,0,0,,,
ITRO,"International Tripartite Rubber Organization, Thailand",2002,2016,4,3,56,Economic/trade,1,Narrow,,economic,narrow,Asia,14,0,0,14,0,0,0,3,0,0,0,3,0,0,0,,,
ITTO,Int'l Tropical Timber Org,1987,2016,0,1,93,Economic/trade,1,Medium,,social_welf,medium,Global,29,0,0,29,0,0,0,40,0,0,0,59,0,0,0,,,
ITU,Intl Telecom Union,1865,2016,0,1,103,Technical/Research/Legal Advice,1,Narrow,,technical,narrow,Global,151,0,0,151,1,1,1,15,0,0,0,187,0,0,0,,,
ITVRC,Intgvt TV & Radio Corp/ MIR,1992,2016,7,2,98,Technical/Research/Legal Advice,1,Narrow,,technical,narrow,InterRegional,24,0,0,24,0,0,0,0,0,0,214,10,0,0,0,,,
IUIC,Intergovernmental University of Cooperation,2001,2016,4,2,56,Social welfare/education,1,Narrow,,social_welf,narrow,Asia,15,0,0,15,0,0,0,0,0,0,214,3,0,0,0,,,
IUPCT,Intl Union Publication of Customs Tariffs,1890,2016,0,1,80,Technical/Research/Legal Advice,1,Narrow,,technical,narrow,Global,126,0,0,126,1,1,1,27,0,0,0,66,0,0,0,,,
IUPIP,Intl Union for Protection of Industrial Prop,1883,2016,0,1,37,Technical/Research/Legal Advice,1,Narrow,,technical,narrow,Global,133,0,0,133,1,1,1,9,0,0,0,164,0,0,0,,,
IUPLAW,Intl Union for Protection of Lit & Art Works,1886,2016,0,1,29,Technical/Research/Legal Advice,1,Narrow,,technical,narrow,Global,130,0,0,130,1,1,1,8,0,0,0,157,0,0,0,,,
IUPNVP,Union for Protection of New Varieties of Plants,1961,2016,0,1,94,Social Welfare/Environment,1,narrow,,social_welf,narrow,Global,55,0,0,55,0,0,0,12,0,0,0,59,0,0,0,,,
IUPR,International Union of Pruth (River),1866,1914,5,2,56,Economic/transportation,0,Narrow,DES,economic,narrow,Europe,48,1,1,48,0,0,0,2,0,0,0,3,0,0,0,,,
IVWO,International Vine and Wine Office,1924,2003,7,3,75,Economic/trade,0,Narrow,SUCC,economic,narrow,InterRegional,79,1,0,92,0,1,1,6,0,0,0,48,0,0,0,,,
IWhale,Intl Whaling Comm,1946,2016,0,3,11,Social Welfare/Environment,1,narrow,,social_welf,narrow,Global,70,0,0,70,0,0,0,16,0,0,0,65,0,0,0,,,
IWSG,International Wool Study Group,1947,1992,7,3,28,Economic/trade,0,Narrow,DISS,economic,narrow,InterRegional,45,1,1,45,0,0,0,23,0,0,0,17,0,0,0,,,
JALAAO,Joint Anti-Locust and Anti-Aviarian Organization,1965,2001,1,2,3,Social Welfare/Environment,0,Narrow,DES,social_welf,narrow,Africa,36,1,1,36,0,0,0,9,0,0,0,10,0,0,0,,,
JINR,Joint Instit for Nuke Research,1956,2016,7,3,32,Technical/Research/Legal Advice,1,Narrow,,technical,narrow,InterRegional,60,0,0,60,0,0,0,12,0,0,0,18,0,0,0,,,
JNOLCRH,Joint Nordic Organization for Lappish Culture and Reindeer Husbandry,1965,2000,5,3,56,Social Welfare/Culture,0,Narrow,DES,social_welf,narrow,Europe,35,1,1,35,0,0,0,3,0,0,0,3,0,0,0,,,
LACAC,L/A Civil Aviation Comm.,1973,2016,2,2,48,Economic/infrastructure,1,narrow,,economic,narrow,Americas,43,0,0,43,0,0,0,0,0,0,214,20,0,0,0,,,
LACP,Latin Am Center for Physics,1962,2016,2,2,3,Technical/Research/Legal Advice,1,Narrow,,technical,narrow,Americas,54,0,0,54,0,0,0,15,0,0,0,14,0,0,0,,,
LAEO,Latin American Energy Org.,1973,2016,2,2,53,Economic,1,Narrow,,economic,narrow,Americas,43,0,0,43,0,0,0,0,0,0,214,26,0,0,0,,,
LAFDO,L/A Fisheries Devel. Org.,1982,2016,2,2,11,Economic/fisheries,1,Narrow,,economic,narrow,Americas,34,0,0,34,0,0,0,0,0,0,214,19,0,0,0,,,
LAFTA,Latin American Free Trade Association,1961,1980,2,2,77,Economic/trade,0,Medium,SUCC,economic,medium,Americas,19,1,0,55,0,0,0,7,0,0,0,5,0,0,0,,,
LAIA,Latin Am Integration Assn,1980,2016,2,2,15,Economic,1,medium,,economic,medium,Americas,36,0,0,36,0,0,0,5,0,0,0,12,0,0,0,,,
LAIEC,Latin American Institute of Communication,1956,2016,2,2,17,Social welfare,1,Narrow,,social_welf,narrow,Americas,60,0,0,60,0,0,0,20,0,0,0,13,0,0,0,,,
LATIN,Latin Union,1954,2012,2,3,61,Social Welfare/Culture,0,Narrow,DISS,social_welf,narrow,Americas,58,1,1,58,0,0,0,15,0,0,0,32,0,0,0,,,
LCBC,Lake Chad Basin Comm,1964,2016,1,2,98,Social Welfare,1,Narrow,,social_welf,narrow,Africa,52,0,0,52,0,0,0,4,0,0,0,5,0,0,0,,,
LGIDA,Liptako-Gourma Integrated Dev. Auth.,1970,2016,1,2,56,Economic,1,Medium,,economic,medium,Africa,46,0,0,46,0,0,0,3,0,0,0,3,0,0,0,,,
LOAS,League of Arab States,1945,2016,3,2,47,General Purpose,1,Broad,,general,broad,MiddleEast,71,0,0,71,0,0,0,4,0,0,0,21,0,0,0,,,
LoN,League of Nations,1920,1945,0,1,71,General Purpose,0,Broad,DISS,general,broad,Global,25,1,1,25,0,1,1,4,0,0,0,44,0,0,0,,,
MARRI,"Migration, Asylum, Refugees Regional Initiative",2003,2016,5,2,91,Social Welfare,1,Narrow,,social_welf,narrow,Europe,13,0,0,13,0,0,0,5,0,0,0,5,0,0,0,,,
MCWCASM,Minist Conf of West & Cent African States on Maritime/MOWCA_,1975,2016,1,2,51,Economic,1,Narrow,,economic,narrow,Africa,41,0,0,41,0,0,0,0,0,0,214,25,0,0,0,,,
MEMTTA,Mideast & Medit. Travel & Tourism Assoc.,1995,1998,3,2,98,Economic/other,0,Narrow,DES,economic,narrow,MiddleEast,3,1,1,3,0,0,0,7,0,0,0,5,0,0,0,,,
Mercosur,MERCOSUR,1991,2016,2,2,86,Economic,1,broad,,economic,broad,Americas,25,0,0,25,0,0,0,4,0,0,0,6,0,0,0,,,
MFO,Multilateral Force Org.,1981,2016,7,2,11,Security,1,Narrow,,security,narrow,InterRegional,35,0,0,35,0,0,0,3,0,0,0,11,0,0,0,,,
MIGA,Multilateral Investment Guarantee Agency,1988,2016,0,1,34,Economic/finance,1,Narrow,,economic,narrow,Global,28,0,0,28,0,0,0,37,0,0,0,155,0,0,0,,,
Montreal,Multilat. Fund for the Implement. of the Montreal Protocol,1990,2016,0,1,20,Social Welfare/Environment,1,Narrow,,social_welf,narrow,Global,26,0,0,26,0,0,0,76,0,0,0,185,0,0,0,,,
MOPAN,Multilateral Organizations Performance Assessment Network,2002,2016,7,3,32,Economic,1,Narrow,,economic,narrow,InterRegional,14,0,0,14,0,0,0,9,0,0,0,0,0,0,213,,,
MRU,Mano River Union,1973,2016,1,2,66,General Purpose,1,Broad,,general,broad,Africa,43,0,0,43,0,0,0,3,0,0,0,3,0,0,0,,,
MWN,Mediterranean Water Network,1993,2016,7,2,2,Social Welfare/Environment,1,Narrow,,social_welf,narrow,InterRegional,23,0,0,23,0,0,0,0,0,0,214,0,0,0,214,,,
NACAP,Network of Aquaculture Centers in Asia-Pac,1990,2016,4,2,46,Economic/agriculture,1,Medium,,economic,medium,Asia,26,0,0,26,0,0,0,12,0,0,0,15,0,0,0,,,
NACC,North Atlantic Cooperation Council,1991,1997,7,2,63,Security,0,Narrow,SUCC,security,narrow,InterRegional,6,1,0,25,0,0,0,NA,NA,NA,NA,37,0,0,0,,,
NAFO,NW Atlantic Fish Org,1979,2016,7,2,11,Economic/fisheries,1,Medium,,economic,medium,InterRegional,37,0,0,37,0,0,0,12,0,0,0,16,0,0,0,,,
NAFTA,North American FTA,1993,2016,2,2,56,Economic/trade,1,Medium,,economic,medium,Americas,23,0,0,23,0,0,0,3,0,0,0,3,0,0,0,,,
NAPPO,N. Am. Plant Protection Org.,1976,2016,2,2,56,Economic,1,Narrow,,economic,narrow,Americas,40,0,0,40,0,0,0,3,0,0,0,3,0,0,0,,,
NASCO,North Atlantic Salmon Conserv. Org.,1983,2016,7,2,86,Social Welfare/Environment,1,Medium,,social_welf,medium,InterRegional,33,0,0,33,0,0,0,5,0,0,0,6,0,0,0,,,
NATO,North Atlantic Treaty Org,1949,2016,7,3,54,Security,1,Medium,,security,medium,InterRegional,67,0,0,67,0,0,0,12,0,0,0,26,0,0,0,,,
NCM,Nordic Council of Ministers,1971,2016,5,2,98,General Purpose,1,Broad,,general,broad,Europe,45,0,0,45,0,0,0,5,0,0,0,5,0,0,0,,,
NCRR,Nordic Council for Reindeer Research,1980,2003,5,2,56,Social Welfare/environment,0,Narrow,ABS,social_welf,narrow,Europe,23,1,0,36,0,0,0,3,0,0,0,3,0,0,0,,,
NCTR,Nordic Council for Tax Research,1973,2016,5,2,77,Technical,1,Narrow,,technical,narrow,Europe,43,0,0,43,0,0,0,3,0,0,0,4,0,0,0,,,
NDF,Nordic Development Fund,1989,2016,5,2,77,Economic,1,Narrow,,economic,narrow,Europe,27,0,0,27,0,0,0,5,0,0,0,5,0,0,0,,,
NEAFC,Northeast Atlantic Fisheries Comm,1998,2016,5,2,86,Economic/fisheries,1,Medium,,economic,medium,Europe,18,0,0,18,0,0,0,5,0,0,0,4,0,0,0,,,
NERC,Nordic Economic Research Council,1979,1996,5,2,77,Economic/Technical,0,Narrow,DISS,economic,narrow,Europe,17,1,1,17,0,0,0,5,0,0,0,5,0,0,0,,,
NIB,Nordic Investment Bank,1976,2016,5,2,98,Economic/finance,1,Narrow,,economic,narrow,Europe,40,0,0,40,0,0,0,5,0,0,0,8,0,0,0,,,
NordC,Nordic Council,1952,2016,5,2,98,General Purpose,1,Broad,,general,broad,Europe,64,0,0,64,0,0,0,4,0,0,0,5,0,0,0,,,
NPAFC,North Pacific Anadromous Fish Commission,1952,2016,7,2,77,Social Welf,1,Narrow,,social_welf,narrow,InterRegional,64,0,0,64,0,0,0,2,0,0,0,4,0,0,0,,,
NPFSC,North Pacific Fur Seal Commission,1958,1988,7,2,66,Social Welfare/Environment,0,Narrow,DISS,social_welf,narrow,InterRegional,30,1,1,30,0,0,0,4,0,0,0,4,0,0,0,,,
NRC,Niger River Comm,1964,2016,1,2,101,Economic/transportation,1,Medium,,economic,medium,Africa,52,0,0,52,0,0,0,9,0,0,0,9,0,0,0,,,
NTSC,Nordic Telecommunications Satellite Council (NTSR),1965,1986,5,2,56,Economic/infrastructure,0,Narrow,DISS,economic,narrow,Europe,21,1,1,21,0,0,0,3,0,0,0,3,0,0,0,,,
NWHF,Nordic World Heritage Foundation,2003,2016,5,2,77,Social Welfare/Culture,1,Narrow,,social_welf,narrow,Europe,13,0,0,13,0,0,0,5,0,0,0,5,0,0,0,,,
OAPEC,Org. Arab Petroleum Export. Countries,1968,2016,3,3,98,Economic/trade,1,Narrow,,economic,narrow,MiddleEast,48,0,0,48,0,0,0,3,0,0,0,10,0,0,0,,,
OAS,Pan-Am Union/Org of Am States,1890,2016,2,2,61,General Purpose,1,Broad,,general,broad,Americas,126,0,0,126,1,1,1,14,0,0,0,35,0,0,0,,,
OAU,Organization for African Unity,1963,2002,1,2,79,General Purpose,0,Broad,SUCC,general,broad,Africa,39,1,0,53,0,0,0,26,0,0,0,51,0,0,0,,,
OCAM/OAMCE,African and Malagasy Common Economic Organization ,1967,1985,1,2,98,General Purpose,0,Broad,DISS,general,broad,Africa,18,1,1,18,0,0,0,NA,NA,NA,NA,8,0,0,0,,,
OCAS/ODECA,Organization of Central American States,1951,1973,2,2,86,General Purpose,0,Broad,SUCC,general,broad,Americas,22,1,0,65,0,0,0,NA,NA,NA,NA,6,0,0,0,,,
OCCEDCA,Org. of Coord. for Control of Endemic Diseases in Cent. Afr.,1963,2016,1,2,86,Social /Health,1,Medium,,social_welf,medium,Africa,53,0,0,53,0,0,0,5,0,0,0,5,0,0,0,,,
OCR,Org for the Collaboration of Railways,1956,2016,7,4,54,Economic/transportation,1,Narrow,,economic,narrow,InterRegional,60,0,0,60,0,0,0,12,0,0,0,27,0,0,0,,,
OECD,Org for Econ Coop and Development,1961,2016,7,3,61,Economic,1,Broad,,economic,broad,InterRegional,55,0,0,55,0,0,0,21,0,0,0,30,0,0,0,,,
OECS,Org. Eastern Caribbean States,1981,2016,2,2,3,Social welfare,1,Broad,,social_welf,broad,Americas,35,0,0,35,0,0,0,5,0,0,0,6,0,0,0,,,
OEEC,Organization for European Economic Cooperation (Organization for Economic Cooper,1948,1961,5,2,46,Economic/trade/development,0,Medium,SUCC,economic,medium,Europe,13,1,0,68,0,0,0,17,0,0,0,20,0,0,0,,,
OESAS,Observatorie economique statistique sub-saharan Afr.,1993,2016,1,2,48,Technical/Research/Legal Advice,1,Narrow,,technical,narrow,Africa,23,0,0,23,0,0,0,14,0,0,0,18,0,0,0,,,
OIC,Org. Islamic Conference,1969,2016,7,3,84,General Purpose,1,Broad,,general,broad,InterRegional,47,0,0,47,0,0,0,25,0,0,0,55,0,0,0,,,
OIV,International Organization of Vine and Wine,2004,2016,7,3,73,Technical/Research/Legal Advice,1,Narrow,,technical,narrow,InterRegional,12,0,0,12,0,0,0,37,0,0,0,38,0,0,0,,,
OMDKR,Organization for the Management and Development of the Kagera River,1977,2000,1,2,66,Social Welfare/Environment,0,Narrow,ABS,social_welf,narrow,Africa,23,1,0,39,0,0,0,3,0,0,0,4,0,0,0,,,
OPANAL,Agency for Prohib. of Nuclear Arms in Latin Am.,1969,2016,2,2,60,Security,1,Narrow,,security,narrow,Americas,47,0,0,47,0,0,0,14,0,0,0,30,0,0,0,,,
OPCW,Org for the Prohibition of Chemical Weapons,1997,2016,0,1,,Security,1,Narrow,,security,narrow,Global,19,0,0,19,0,0,0,0,0,0,214,192,0,0,0,,,
OPEC,Org of Petroleum Exporting Countries,1960,2016,7,3,15,Economic/trade,1,Narrow,,economic,narrow,InterRegional,56,0,0,56,0,0,0,10,0,0,0,11,0,0,0,,,
OSCE,Org. Security Cooperation Europe,1973,2016,7,2,84,Security,1,Medium,,security,medium,InterRegional,43,0,0,43,0,0,0,31,0,0,0,54,0,0,0,,,
OSLO,Oslo Commission,1972,1998,5,2,15,Social Welfare/environment,0,Narrow,SUCC,social_welf,narrow,Europe,26,1,0,44,0,0,0,4,0,0,0,13,0,0,0,,,
OSPAR,OSPAR Commission,1998,2016,5,2,24,Social Welfare/Environment,1,Medium,,social_welf,medium,Europe,18,0,0,18,0,0,0,15,0,0,0,15,0,0,0,,,
OTIF,Central Office for Intl Railway Transport,1890,2016,7,2,78,Technical/Research/Legal Advice,1,Narrow,,economic,narrow,InterRegional,126,0,0,126,1,1,1,8,0,0,0,43,0,0,0,,,
PAHC,Permanent Association of Pan American Highway Congresses,1939,1952,2,2,47,Economic/transportation,0,Narrow,ABS,economic,narrow,Americas,13,1,0,77,0,0,0,21,0,0,0,21,0,0,0,,,
PAHO,Pan-Am Health Org,1902,2016,2,2,74,Social Welfare/Health,1,Narrow,,social_welf,narrow,Americas,114,0,0,114,1,1,1,18,0,0,0,35,0,0,0,,,
PAIGH,Pan Am Instit of Geog & Hist,1928,2016,2,2,28,Technical/Research/Legal Advice,1,Narrow,,technical,narrow,Americas,88,0,0,88,0,1,1,20,0,0,0,22,0,0,0,,,
PC,Paris Commission (PARCOM),1977,1998,5,2,11,Social Welfare/environment,0,Narrow,SUCC,social_welf,narrow,Europe,21,1,0,39,0,0,0,5,0,0,0,12,0,0,0,,,
PCA,Permanent Court of Arbitration,1899,2016,0,1,12,Judicial,1,Narrow,,judicial,narrow,Global,117,0,0,117,1,1,1,22,0,0,0,99,0,0,0,,,
PCB,Pacific Cable Board,1920,1948,7,3,56,Economic/infrastructure,0,Narrow,NA,economic,narrow,InterRegional,28,1,1,28,0,1,1,4,0,0,0,3,0,0,0,,,
PCSP,Perm Comm for Conserv Maritime South Pacific,1952,2016,4,2,66,Economic,1,Medium,,economic,medium,Asia,64,0,0,64,0,0,0,3,0,0,0,4,0,0,0,,,
PED,Pole European de Development,1985,2016,5,2,56,Economic,1,Medium,,economic,medium,Europe,31,0,0,31,0,0,0,3,0,0,0,0,0,0,214,,,
PIAALC,Permanent Inter-American Anti-Locust Committee,1913,1965,2,2,106,Social Welfare/Environment,0,Narrow,SUCC,social_welf,narrow,Americas,52,1,0,103,1,1,1,5,0,0,0,5,0,0,0,,,
PIARC,World Road Assn,1908,2016,0,1,18,Technical/Research/Legal Advice,1,Narrow,,economic,narrow,Global,108,0,0,108,1,1,1,21,0,0,0,101,0,0,0,,,
PIBAC,Permanent International Bureau of the Analytical Chemistry of Human and Animal Food,1923,1934,7,1,98,Technical/Research/Legal Advice,0,Narrow,SUCC,technical,narrow,InterRegional,11,1,0,93,0,0,0,7,0,0,0,8,0,0,0,,,
PICDCS,Perm. Interstate Comm. for Drought Control in the Sahel,1973,2016,1,2,15,Social Welfare/Environment,1,Narrow,,social_welf,narrow,Africa,43,0,0,43,0,0,0,7,0,0,0,9,0,0,0,,,
PICES,North Pac. Marine Science Org.,1992,2016,7,2,86,Technical/Research/Legal Advice,1,Narrow,,technical,narrow,InterRegional,24,0,0,24,0,0,0,3,0,0,0,6,0,0,0,,,
PICS,Permanent International Commission of Studies on Sanitary Equipment,1925,1938,7,3,15,Social Welfare/Health,0,Narrow,DES,social_welf,narrow,InterRegional,13,1,1,13,0,0,0,13,0,0,0,13,0,0,0,,,
PIF,Pacific Island Forum,1971,2016,4,2,24,General Purpose,1,Broad,,general,broad,Asia,45,0,0,45,0,0,0,3,0,0,0,14,0,0,0,,,
PIPD,Partners in Population & Development,1994,2016,7,3,51,Social Welfare,1,Medium,,social_welf,medium,InterRegional,22,0,0,22,0,0,0,10,0,0,0,16,0,0,0,,,
PMAESA,Port Management Assoc. of E. and S. Africa,1973,2016,1,2,47,Economic/transportation,1,Narrow,,economic,narrow,Africa,43,0,0,43,0,0,0,11,0,0,0,19,0,0,0,,,
PPARC,Permanent Pan-American Railway Committee,1890,1923,2,2,106,Economic/transportation,0,Narrow,ABS,economic,narrow,Americas,33,1,0,126,1,0,1,4,0,0,0,14,0,0,0,,,
PSI,Proliferation Security Initiative,2003,2016,0,3,7,Security,1,Narrow,,security,narrow,Global,13,0,0,13,0,0,0,11,0,0,0,0,0,0,214,,,
PSNARCO,Permanent Secretariat of the South American Agreement on Narcotic Drugs and Psyc,1979,1998,2,2,3,Security/other,0,Medium,DES,security,medium,Americas,19,1,1,19,0,0,0,0,0,0,214,10,0,0,0,,,
PTASEA,Preferential Trade Agreement for Southern & Eastern Africa,1981,1993,1,2,47,Economic/trade,0,Medium,SUCC,economic,medium,Africa,12,1,0,35,0,0,0,9,0,0,0,21,0,0,0,,,
PUASP,"Postal Union of Am, Spain, Port",1911,2016,7,3,53,Technical/Research/Legal Advice,1,Narrow,,economic,narrow,InterRegional,105,0,0,105,1,1,1,10,0,0,0,25,0,0,0,,,
RadioU,Radiotelegraph Union ,1906,1932,0,1,17,Technical/Research/Legal Advice,0,Narrow,MER,economic,narrow,Global,26,1,1,26,1,0,1,15,0,0,0,14,0,0,0,,,
RASCOM,Reg. Afr. Satellite Comm. Org.,1992,2002,1,2,106,Economic/infrastructure,0,Narrow,DISS,economic,narrow,Africa,10,1,1,10,0,0,0,0,0,0,214,44,0,0,0,,,
RCAELA,Reg. Council for Adult Educ. & Literacy in Africa,1974,2016,1,2,22,Social welfare/education,1,Narrow,,social_welf,narrow,Africa,42,0,0,42,0,0,0,0,0,0,214,15,0,0,0,,,
RCC,Reg Commonwealth in the Field of Comm,1991,2016,7,2,28,Economic,1,Narrow,,economic,narrow,InterRegional,25,0,0,25,0,0,0,0,0,0,214,12,0,0,0,,,
RECSA,Regional Centre on Small Arms and Light Weapons,2005,2016,1,2,22,Security,1,Narrow,,security,narrow,Africa,11,0,0,11,0,0,0,10,0,0,0,0,0,0,214,,,
RepCom,Reparation Commission,1919,1933,5,3,54,Security/other,0,Narrow,DES,security,narrow,Europe,14,1,1,14,0,0,0,21,0,0,0,28,0,0,0,,,
RIMMO,Reserve internationale medit. Occidentale,1992,2016,5,2,91,Social Welfare,1,NA,,social_welf,NA,Europe,24,0,0,24,0,0,0,0,0,0,214,7,0,0,0,,,
RIOgroup,Rio Group,1986,2016,,,,,,,,,,,,,,,,,,,,,,,,,,,,
RIOPPAH,Intl Reg Org against Plant & Animal Disease,1953,2016,2,2,101,Social Welfare/Environment,1,Narrow,,social_welf,narrow,Americas,63,0,0,63,0,0,0,7,0,0,0,9,0,0,0,,,
SAAFA,Special Arab Aid Fund for Africa (SAAFA),1974,1977,7,2,28,Economic/trade,0,Medium,DISS,economic,medium,InterRegional,3,1,1,3,0,0,0,17,0,0,0,17,0,0,0,,,
SAARC,South Asian Assoc Regional Coop,1985,2016,4,2,98,General Purpose,1,Broad,,general,broad,Asia,31,0,0,31,0,0,0,7,0,0,0,7,0,0,0,,,
SACEP,S. Asia Coop. Environment Prog.,1983,2016,7,3,63,Social Welfare/Environment,1,Narrow,,social_welf,narrow,InterRegional,33,0,0,33,0,0,0,0,0,0,214,8,0,0,0,,,
SACU,Southern African CU,1969,2016,1,2,77,Economic,1,Narrow,,economic,narrow,Africa,47,0,0,47,0,0,0,4,0,0,0,5,0,0,0,,,
SADC,Southern African Dev. Community,1992,2016,1,2,22,General Purpose,1,Broad,,general,broad,Africa,24,0,0,24,0,0,0,10,0,0,0,14,0,0,0,,,
SADCC,Southern African Development Coordination Conference (SADCC),1980,1992,1,2,3,General Purpose,0,Broad,SUCC,general,broad,Africa,12,1,0,36,0,0,0,9,0,0,0,10,0,0,0,,,
SAMI,Societe arabe des mines de l'Inchiri,1980,2016,3,2,77,Economic,1,Narrow,,economic,narrow,MiddleEast,36,0,0,36,0,0,0,0,0,0,214,5,0,0,0,,,
SARTC,Southern Africa Regional Tourism Council (SARTOC),1973,1996,7,3,77,Economic/technical,0,Narrow,SUCC,economic,narrow,InterRegional,23,1,0,43,0,0,0,5,0,0,0,5,0,0,0,,,
SCA,Suez Canal Administration,1888,1914,5,3,101,Security/other,0,Medium,DES,security,medium,Europe,26,1,1,26,0,0,0,9,0,0,0,9,0,0,0,,,
SCAf,Scientific Council for Africa South of the Sahara,1950,1965,7,2,91,Technical/Research/Legal Advice,0,Narrow,MER,technical,narrow,InterRegional,15,1,1,15,0,0,0,5,0,0,0,7,0,0,0,,,
SCH,Superior Council of Health,1838,1923,5,3,47,Social /Health,0,Narrow,DISS,social_welf,narrow,Europe,85,1,1,85,1,0,1,12,0,0,0,21,0,0,0,,,
SCHENGEN,Group of Schengen,1985,1999,5,2,3,Social Welfare/other/human rights,0,Medium,ABS,social_welf,medium,Europe,14,1,0,31,0,0,0,0,0,0,214,10,0,0,0,,,
SEAMEO,Southeast Asian Minist. of Educ. Org.,1965,2016,4,2,8,Social welfare/education,1,Narrow,,social_welf,narrow,Asia,51,0,0,51,0,0,0,5,0,0,0,16,0,0,0,,,
SEATO,Southeast Asia Treaty Organization (SEATO),1956,1977,7,3,98,Security/Defense/Alliance,0,Medium,DISS,security,medium,InterRegional,21,1,1,21,0,0,0,6,0,0,0,8,0,0,0,,,
SEGIB,Ibero-American General Secretariat,2003,2016,2,2,48,General Purpose,1,Broad,,general,broad,Americas,13,0,0,13,0,0,0,21,0,0,0,22,0,0,0,,,
SELA,Latin American Economic System,1975,2016,2,2,53,Economic,1,MEdium,,economic,medium,Americas,41,0,0,41,0,0,0,0,0,0,214,28,0,0,0,,,
SICA,Central American Integration System,1991,2016,2,2,98,General Purpose,1,Broad,,general,broad,Americas,25,0,0,25,0,0,0,6,0,0,0,6,0,0,0,,,
SIECA,General Treaty on Cent Am Econ Integration,1960,2016,2,2,77,Economic,1,Medium,,economic,medium,Americas,56,0,0,56,0,0,0,6,0,0,0,5,0,0,0,,,
SITTDEC,"South Investment, Trade & Tech. Data Exchg. Center",1990,2016,7,3,38,Technical/Research/Legal Advice,1,Narrow,,technical,narrow,InterRegional,26,0,0,26,0,0,0,16,0,0,0,19,0,0,0,,,
SMU,Scandinavian Monetary Union,1872,1921,5,2,56,Economic/finance,0,Narrow,DISS,economic,narrow,Europe,49,1,1,52,1,0,1,3,0,0,0,3,0,0,0,,,
SOPAS,Pacific Islands Applied Geoscience Commission,1990,2010,6,2,28,Technical/Research/Legal Advice,0,Narrow,ABS,technical,narrow,OceaniaAntartica,20,1,0,26,0,0,0,14,0,0,0,26,0,0,0,,,
SPC,South Pacific Comm,1947,2016,7,2,48,Technical/Research/Legal Advice,1,Medium,,technical,medium,InterRegional,69,0,0,69,0,0,0,6,0,0,0,17,0,0,0,,,
SRDO,Senegal River Dev. Org.,1972,2016,1,2,56,Economic,1,Medium,,economic,medium,Africa,44,0,0,44,0,0,0,3,0,0,0,3,0,0,0,,,
SugU/ISU,International Sugar Union,1902,1920,5,3,15,Economic/trade,0,Narrow,DISS,economic,narrow,Europe,18,1,1,18,1,0,1,NA,NA,NA,NA,5,0,0,0,,,
SWAPU,South and West Asian Postal Union,1987,2002,4,2,66,Economic/infrastructure,0,Narrow,DES,economic,narrow,Asia,15,1,1,15,0,0,0,0,0,0,214,4,0,0,0,,,
SWPD,South-West Pacific Dialogue,2002,2016,4,2,86,General Purpose,1,Broad,,general,broad,Asia,14,0,0,14,0,0,0,5,0,0,0,5,0,0,0,,,
TARHEC,Tropical Ag. Research & Higher Educ. Center,1973,2016,2,2,101,Social welfare/education,1,Medium,,social_welf,medium,Americas,43,0,0,43,0,0,0,0,0,0,214,12,0,0,0,,,
TCRMG,Tripartite Commission for the Restitution of Monetary Gold,1946,1998,7,3,56,Security/other,0,Narrow,DISS,security,narrow,InterRegional,52,1,1,52,0,0,0,3,0,0,0,3,0,0,0,,,
TIC,Trade/Invest Council,1998,2008,2,2,,Economic/trade,0,Narrow,DES,economic,narrow,Americas,10,,,,0,0,0,5,0,0,0,5,0,0,0,,,
Turksoy,Joint Admin. of Turkish Culture & Arts,1993,2016,7,3,86,Social Welfare/Culture,1,Narrow,,social_welf,narrow,InterRegional,23,0,0,23,0,0,0,6,0,0,0,6,0,0,0,,,
UAMCE,African and Malagasy Union for Economic Cooperation,1961,1967,1,2,11,General Purpose,0,Broad,SUCC,general,broad,Africa,6,1,0,55,0,0,0,12,0,0,0,12,0,0,0,,,
UAPT,African Posts and Telecommunication Union,1975,1996,1,2,15,Economic/infrastructure,0,Narrow,SUCC,economic,narrow,Africa,21,1,0,41,0,0,0,11,0,0,0,13,0,0,0,,,
UBEC,Union of Banana Exporting Countries,1974,1996,2,3,91,Economic/trade,0,Narrow,DES,economic,narrow,Americas,22,1,1,22,0,0,0,0,0,0,214,7,0,0,0,,,
UDEAC,Central African Customs and Economic Union (UDEAC),1964,1994,1,2,86,Economic/trade,0,Broad,SUCC,economic,broad,Africa,30,1,0,52,0,0,0,5,0,0,0,6,0,0,0,,,
UEMOA,West African Economic & Monetary Union,1994,2016,1,2,91,Economic/finance,1,Medium,,economic,medium,Africa,22,0,0,22,0,0,0,7,0,0,0,8,0,0,0,,,
UIUCV,Union for the International Use of Carriages and Vans,1923,1979,5,2,48,Economic/transportation,0,Narrow,SUCC,economic,narrow,Europe,56,1,0,93,0,1,1,20,0,0,0,22,0,0,0,,,
UKDWD,United Kingdom--Dominion Wool Disposals,1945,1953,7,3,66,Economic/trade,0,Narrow,DISS,economic,narrow,InterRegional,8,1,1,8,0,0,0,4,0,0,0,4,0,0,0,,,
UMAC,Union montaire de l'Afrique centrale (UMAC),1972,1994,1,2,86,Economic/finance,0,Narrow,ABS,economic,narrow,Africa,22,1,0,44,0,0,0,5,0,0,0,6,0,0,0,,,
UMOA,West African Monetary Union/UMOA,1962,1994,1,2,91,Economic/finance,0,Medium,SUCC,economic,medium,Africa,32,1,0,54,0,0,0,7,0,0,0,7,0,0,0,,,
UN,United Nations,1945,2016,0,1,42,General Purpose,1,Broad,,general,broad,Global,71,0,0,71,0,0,0,49,0,0,0,191,0,0,0,,,
UNDROIT,Intl Instit for Unification of Private Law,1926,2016,0,1,89,Technical/Research/Legal Advice,1,Narrow,,technical,narrow,Global,90,0,0,90,0,1,1,7,0,0,0,57,0,0,0,,,
UNESCO,"UN Education, Scientific, & Cultural Org",1945,2016,0,1,44,Social welfare/education,1,Medium,,social_welf,medium,Global,71,0,0,71,0,0,0,42,0,0,0,187,0,0,0,,,
UNIDO,UN Industrial Development Org,1966,2016,0,1,27,Economic,1,Medium,,economic,medium,Global,50,0,0,50,0,0,0,122,0,0,0,173,0,0,0,,,
UPU,Universal Postal Union,1874,2016,0,1,41,Technical/Research/Legal Advice,1,narrow,,economic,narrow,Global,142,0,0,142,1,1,1,13,0,0,0,185,0,0,0,,,
USP,Univ. of South Pacific,1967,2016,4,2,11,Social welfare/education,1,Narrow,,social_welf,narrow,Asia,49,0,0,49,0,0,0,0,0,0,214,9,0,0,0,,,
VALDIVIA,Group of S. Hemisp. Countries on Env.,1995,2016,7,2,91,Social Welfare,1,Narrow,,social_welf,narrow,InterRegional,21,0,0,21,0,0,0,6,0,0,0,6,0,0,0,,,
VASAB,Vision & Strategies Around Baltic Sea,1992,2016,5,2,8,Economic,1,Medium,,economic,medium,Europe,24,0,0,24,0,0,0,0,0,0,214,11,0,0,0,,,
WACU,West African Customs and Economic Union (WACU) ,1959,1974,1,2,91,Economic/trade,0,Medium,SUCC,economic,medium,Africa,15,1,0,57,0,0,0,8,0,0,0,7,0,0,0,,,
WAEC,West Afr. Examinations Council,1951,2016,1,2,77,Social Welfare,1,Narrow,,social_welf,narrow,Africa,65,0,0,65,0,0,0,2,0,0,0,5,0,0,0,,,
WAHC,West African Health Community (WAHC),1972,1987,1,2,77,Social Welfare/Health,0,Narrow,SUCC,social_welf,narrow,Africa,15,1,0,44,0,0,0,4,0,0,0,5,0,0,0,,,
WAHO,West African Health Organization,1988,2016,1,2,22,Social Welfare/Health,1,narrow,,social_welf,narrow,Africa,28,0,0,28,0,0,0,16,0,0,0,15,0,0,0,,,
WARDA,West Africa Rice Dev. Assoc.,1970,2016,1,2,52,Economic,1,Narrow,,economic,narrow,Africa,46,0,0,46,0,0,0,0,0,0,214,17,0,0,0,,,
Wassen,Wassenaar Arrangement,1996,2016,0,3,68,Security,1,Narrow,,security,narrow,Global,20,0,0,20,0,0,0,33,0,0,0,40,0,0,0,,,
WCDC,Working Community of Danube Countries,1990,2016,5,2,22,Technical/Research/Legal Advice,1,Narrow,,technical,narrow,Europe,26,0,0,26,0,0,0,0,0,0,214,10,0,0,0,,,
WCO,World Customs Org,1950,2016,0,1,33,Economic/trade,1,Narrow,,economic,narrow,Global,66,0,0,66,0,0,0,14,0,0,0,157,0,0,0,,,
WEU,Western European Union,1955,2011,5,2,3,Security/collective Security,0,Medium,DISS,security,medium,Europe,56,1,1,56,0,0,0,6,0,0,0,10,0,0,0,,,
WHO,World Health Org,1946,2016,0,1,43,Social Welfare/Health,1,Medium,,social_welf,medium,Global,70,0,0,70,0,0,0,52,0,0,0,188,0,0,0,,,
WIPO,World Intell Prop Org,1967,2016,0,1,37,Technical/Research/Legal Advice,1,Narrow,,technical,narrow,Global,49,0,0,49,0,0,0,0,0,0,214,178,0,0,0,,,
WMO,World Meteorological Org,1947,2016,0,1,40,Technical/Research/Legal Advice,1,Narrow,,technical,narrow,Global,69,0,0,69,0,0,0,48,0,0,0,177,0,0,0,,,
WNF,West Nordic Fund,1987,2016,5,2,86,Economic/finance,1,Narrow,,economic,narrow,Europe,29,0,0,29,0,0,0,5,0,0,0,5,0,0,0,,,
WPact,Warsaw Treaty Organization,1955,1991,5,2,86,Security/defense/Alliance,0,Medium,DISS,security,medium,Europe,36,1,1,36,0,0,0,7,0,0,0,6,0,0,0,,,
WTO,World Trade Org,1995,2016,0,1,25,Economic/trade,1,Medium,,economic,medium,Global,21,0,0,21,0,0,0,109,0,0,0,145,0,0,0,,,
WTOURO,World Tourism Org.,1975,2016,0,1,23,Economic,1,Medium,,economic,medium,Global,41,0,0,41,0,0,0,85,0,0,0,151,0,0,0,,,